Workbook

Sheet Cover
B2: TEST CASE
B4: Project Name | C4: OrangeHRM - Time (Timesheets) | F4: Creator | G4: Nguyễn Thị Hồng Châu
B5: Project Code | C5: OHRM-TIME | F5: Reviewer/Approver | G5: Ngô Thanh Vy
B6: Document Code | C6: =C5&"_TestCase_V0.1" -> OHRM-TIME_TestCase_V0.1 | F6: Issue Date | G6: 46322
F7: Version | G7: 0.1
B10: Record of change
B11: Effective Date | C11: Version | D11: Change Item | E11: *A,D,M | F11: Change description | G11: Reference
B12: 46322 | C12: 0.1 | E12: A | F12: Tạo mới Test Design và Test Case cho F07, F08, F09 (module Time) | G12: Bảng phân công module (TV3); OrangeHRM 5.x demo
B14: *A: Added, D: Deleted, M: Modified

Sheet Test case List
D1: TEST CASE LIST
B3: Project Name | D3: =Cover!C4 -> OrangeHRM - Time (Timesheets)
B4: Project Code | D4: =Cover!C5 -> OHRM-TIME
B5: Test Environment Setup Description | D5: 1. Hệ thống: OrangeHRM 5.x bản demo (https://opensource-demo.orangehrmlive.com) hoặc bản cài local cùng phiên bản 2. Trình duyệt: Google Chrome bản mới nhất (tắt extension chặn script) 3. Tài khoản: Admin / admin123; ESS 'ess_test' (nhân viên 'Test Employee'); Supervisor 'sup_test' (nhân viên 'Test Supervisor', là supervisor của 'Test Employee'); nhân viên 'Test Employee2' (không phải cấp dưới của Supervisor) 4. Dữ liệu nền: Time > Project Info có Customer 'CUS_Test'; Project 'PRJ_Alpha' (Activity 'Development', 'Testing'); Project 'PRJ_Beta' (Activity 'Support') 5. Kỳ timesheet tính theo tuần (Thứ Hai – Chủ Nhật); mọi test chạy ở kỳ hiện tại trừ khi ghi chú khác
B8: No | C8: Function Name | D8: Sheet Name | E8: Description | F8: Pre-Condition
B9: 1 | C9: F07. Tạo timesheet | D9: F07_TaoTimesheet | E9: Nhân viên tạo timesheet tuần: chọn Project/Activity, nhập giờ từng ngày, comment, thêm/xóa hàng, lưu/hủy/reset. | F9: + Đăng nhập bằng tài khoản ESS 'ess_test' (liên kết nhân viên 'Test Employee') + Đã có dữ liệu dự án (Time > Project Info): Customer 'CUS_Test'; Project 'PRJ_Alpha' (Activity: 'Development', 'Testing'); Project 'PRJ_Beta' (Activity: 'Support') + 'Test Employee' chưa có timesheet ở kỳ (tuần) hiện tại
B10: 2 | C10: F08. Tra cứu timesheet | D10: F08_TraCuuTimesheet | E10: Xem timesheet của bản thân (My Timesheets), tra cứu theo nhân viên (Employee Timesheets), danh sách Pending Action, điều hướng kỳ. | F10: + Đăng nhập bằng tài khoản Admin (Admin / admin123) + 'Test Employee' có timesheet kỳ hiện tại trạng thái 'Submitted': PRJ_Alpha / Development, Mon–Fri mỗi ngày 08:00 (tổng 40:00) + 'Test Employee2' chưa có timesheet nào
B11: 3 | C11: F09. Gửi và xử lý timesheet | D11: F09_GuiVaXuLy | E11: Nhân viên gửi (Submit) timesheet; Admin/Supervisor xem, phê duyệt (Approve), từ chối (Reject), reset; nhân viên sửa và gửi lại. | F11: + Đăng nhập bằng tài khoản ESS 'ess_test' (liên kết nhân viên 'Test Employee') + 'Test Employee' có timesheet kỳ hiện tại trạng thái 'Not Submitted': PRJ_Alpha / Development, Thứ Hai–Thứ Sáu mỗi ngày 08:00 (tổng 40:00) + Có tài khoản Admin (Admin / admin123) để phê duyệt/từ chối
C13: Ghi chú
C14: - Result: Passed / Failed / Blocked / Skipped / Untested (chọn từ danh sách ở cột Result). Toàn bộ test case hiện ở trạng thái Untested; cột Test date và Note điền khi chạy test.
C15: - Cột Inter-test case Dependence: ghi ID test case phải chạy trước, hoặc vai trò đăng nhập cần dùng.
C16: - Expected Output dựa trên hành vi chuẩn của OrangeHRM 5.x. Test case có ghi chú 'Cần đối chiếu...' ở cột Note: so khớp thông báo/hành vi thực tế rồi cập nhật Expected Output nếu khác.
C17: - Loại test (TestDesign): Function, GUI, Boundary (giá trị biên), Negative (giá trị không hợp lệ), Security.

Sheet TestDesign
A1: Requirement Level 1 | B1: Requirement Level 2 | C1: Requirement Level 3 | D1: Test Criteria | E1: Test Type | F1: Note | G1: Test Case ID
A2: F07. Tạo timesheet | B2: 7.1 Hiển thị màn hình tạo timesheet | C2: Displaying | D2: Kiểm tra hiển thị nút [Create Timesheet] khi nhân viên chưa có timesheet ở kỳ hiện tại | E2: Function | G2: =F07_TaoTimesheet!A9 -> TIME_CreateTimesheet_01
D3: Kiểm tra layout màn hình Edit Timesheet sau khi click [Create Timesheet] | E3: GUI | F3: Cần đối chiếu hành vi/thông báo thực tế trên OrangeHRM 5.x khi chạy test | G3: =F07_TaoTimesheet!A10 -> TIME_CreateTimesheet_02
D4: Kiểm tra giá trị mặc định trên màn hình Edit Timesheet | E4: GUI | G4: =F07_TaoTimesheet!A11 -> TIME_CreateTimesheet_03
B5: 7.2 Tạo timesheet - dữ liệu giờ | C5: Giá trị hợp lệ | D5: Kiểm tra tạo timesheet hợp lệ: 1 hàng, 1 ngày, giờ nhập dạng HH:MM (08:00) | E5: Function | G5: =F07_TaoTimesheet!A12 -> TIME_CreateTimesheet_04
D6: Kiểm tra nhập giờ dạng số nguyên '8' được chuẩn hóa thành 08:00 | E6: Function | G6: =F07_TaoTimesheet!A13 -> TIME_CreateTimesheet_05
D7: Kiểm tra nhập giờ dạng thập phân '7.5' được chuẩn hóa thành 07:30 | E7: Function | F7: Cần đối chiếu hành vi/thông báo thực tế trên OrangeHRM 5.x khi chạy test | G7: =F07_TaoTimesheet!A14 -> TIME_CreateTimesheet_06
D8: Kiểm tra nhập giờ dạng H:MM '8:30' | E8: Function | G8: =F07_TaoTimesheet!A15 -> TIME_CreateTimesheet_07
D9: Kiểm tra tạo timesheet có giờ cho cả 7 ngày (mỗi ngày 08:00) | E9: Function | G9: =F07_TaoTimesheet!A16 -> TIME_CreateTimesheet_08
D10: Kiểm tra tạo timesheet nhiều hàng với 2 Project khác nhau | E10: Function | G10: =F07_TaoTimesheet!A17 -> TIME_CreateTimesheet_09
D11: Kiểm tra tạo timesheet nhiều hàng cùng Project nhưng khác Activity | E11: Function | G11: =F07_TaoTimesheet!A18 -> TIME_CreateTimesheet_10
D12: Kiểm tra thêm nhiều hàng bằng [Add Row] | E12: Function | G12: =F07_TaoTimesheet!A19 -> TIME_CreateTimesheet_11
D13: Kiểm tra xóa 1 hàng trước khi lưu | E13: Function | G13: =F07_TaoTimesheet!A20 -> TIME_CreateTimesheet_12
D14: Kiểm tra thêm comment hợp lệ cho ô giờ | E14: Function | G14: =F07_TaoTimesheet!A21 -> TIME_CreateTimesheet_13
D15: Kiểm tra click [Cancel] khi đang nhập dữ liệu | E15: Function | G15: =F07_TaoTimesheet!A22 -> TIME_CreateTimesheet_14
D16: Kiểm tra click [Reset] khi đang nhập dữ liệu | E16: Function | F16: Cần đối chiếu hành vi/thông báo thực tế trên OrangeHRM 5.x khi chạy test | G16: =F07_TaoTimesheet!A23 -> TIME_CreateTimesheet_15
C17: Giá trị biên | D17: Kiểm tra biên dưới: nhập giờ = 00:00 | E17: Boundary | F17: Cần đối chiếu hành vi/thông báo thực tế trên OrangeHRM 5.x khi chạy test | G17: =F07_TaoTimesheet!A24 -> TIME_CreateTimesheet_16
D18: Kiểm tra biên dưới + 1 đơn vị: nhập giờ = 00:01 | E18: Boundary | G18: =F07_TaoTimesheet!A25 -> TIME_CreateTimesheet_17
D19: Kiểm tra biên trên hợp lệ: nhập giờ = 23:59 cho 1 ngày | E19: Boundary | G19: =F07_TaoTimesheet!A26 -> TIME_CreateTimesheet_18
D20: Kiểm tra biên trên: nhập giờ = 24:00 cho 1 ngày | E20: Boundary | F20: Cần đối chiếu hành vi/thông báo thực tế trên OrangeHRM 5.x khi chạy test | G20: =F07_TaoTimesheet!A27 -> TIME_CreateTimesheet_19
D21: Kiểm tra vượt biên trên: nhập giờ = 24:01 | E21: Boundary | G21: =F07_TaoTimesheet!A28 -> TIME_CreateTimesheet_20
D22: Kiểm tra giá trị rất lớn: nhập giờ = 100 | E22: Boundary | G22: =F07_TaoTimesheet!A29 -> TIME_CreateTimesheet_21
D23: Kiểm tra biên phút hợp lệ: nhập giờ = 08:59 | E23: Boundary | G23: =F07_TaoTimesheet!A30 -> TIME_CreateTimesheet_22
D24: Kiểm tra vượt biên phút: nhập giờ = 08:60 | E24: Boundary | F24: Cần đối chiếu hành vi/thông báo thực tế trên OrangeHRM 5.x khi chạy test | G24: =F07_TaoTimesheet!A31 -> TIME_CreateTimesheet_23
D25: Kiểm tra tổng giờ trong 1 ngày qua nhiều hàng vượt 24:00 (12:00 + 13:00) | E25: Boundary | F25: Cần xác nhận: OrangeHRM có thể chỉ kiểm tra giới hạn trên từng ô, không kiểm tra tổng/ngày | G25: =F07_TaoTimesheet!A32 -> TIME_CreateTimesheet_24
D26: Kiểm tra comment dài đúng 250 ký tự | E26: Boundary | F26: Cần đối chiếu hành vi/thông báo thực tế trên OrangeHRM 5.x khi chạy test | G26: =F07_TaoTimesheet!A33 -> TIME_CreateTimesheet_25
D27: Kiểm tra comment dài 251 ký tự (vượt biên) | E27: Boundary | F27: Cần đối chiếu hành vi/thông báo thực tế trên OrangeHRM 5.x khi chạy test | G27: =F07_TaoTimesheet!A34 -> TIME_CreateTimesheet_26
C28: Giá trị không hợp lệ | D28: Kiểm tra lưu khi không chọn Project và Activity (đã nhập giờ) | E28: Negative | G28: =F07_TaoTimesheet!A35 -> TIME_CreateTimesheet_27
D29: Kiểm tra lưu khi đã chọn Project nhưng bỏ trống Activity | E29: Negative | G29: =F07_TaoTimesheet!A36 -> TIME_CreateTimesheet_28
D30: Kiểm tra gõ Project Name nhưng không chọn từ danh sách gợi ý | E30: Negative | G30: =F07_TaoTimesheet!A37 -> TIME_CreateTimesheet_29
D31: Kiểm tra Project Name không tồn tại ('PRJ_NotExist') | E31: Negative | G31: =F07_TaoTimesheet!A38 -> TIME_CreateTimesheet_30
D32: Kiểm tra nhập giờ là chữ ('abc') | E32: Negative | G32: =F07_TaoTimesheet!A39 -> TIME_CreateTimesheet_31
D33: Kiểm tra nhập giờ âm ('-1') | E33: Negative | G33: =F07_TaoTimesheet!A40 -> TIME_CreateTimesheet_32
D34: Kiểm tra nhập giờ chứa ký tự đặc biệt ('8@#') | E34: Negative | G34: =F07_TaoTimesheet!A41 -> TIME_CreateTimesheet_33
D35: Kiểm tra 2 hàng trùng cặp Project + Activity | E35: Negative | F35: Cần đối chiếu hành vi/thông báo thực tế trên OrangeHRM 5.x khi chạy test | G35: =F07_TaoTimesheet!A42 -> TIME_CreateTimesheet_34
D36: Kiểm tra lưu khi toàn bộ lưới để trống | E36: Negative | F36: Cần đối chiếu hành vi/thông báo thực tế trên OrangeHRM 5.x khi chạy test | G36: =F07_TaoTimesheet!A43 -> TIME_CreateTimesheet_35
B37: 7.3 Ràng buộc, bảo mật và độ ổn định | C37: Constraint / Security | D37: Kiểm tra kỳ đã có timesheet thì không cho tạo trùng | E37: Function | G37: =F07_TaoTimesheet!A44 -> TIME_CreateTimesheet_36
D38: Kiểm tra dữ liệu vẫn được giữ sau khi đăng xuất và đăng nhập lại | E38: Function | G38: =F07_TaoTimesheet!A45 -> TIME_CreateTimesheet_37
D39: Kiểm tra nhấn đúp [Save] liên tiếp | E39: Negative | G39: =F07_TaoTimesheet!A46 -> TIME_CreateTimesheet_38
D40: Kiểm tra XSS trong comment: <script>alert('xss')</script> | E40: Security | G40: =F07_TaoTimesheet!A47 -> TIME_CreateTimesheet_39
D41: Kiểm tra SQL Injection tại ô Project Name: ' OR '1'='1 | E41: Security | G41: =F07_TaoTimesheet!A48 -> TIME_CreateTimesheet_40
D42: Kiểm tra hết phiên đăng nhập (session timeout) khi đang lưu timesheet | E42: Negative | G42: =F07_TaoTimesheet!A49 -> TIME_CreateTimesheet_41
D43: Kiểm tra truy cập trang Create Timesheet khi chưa đăng nhập | E43: Security | G43: =F07_TaoTimesheet!A50 -> TIME_CreateTimesheet_42
A44: F08. Tra cứu timesheet | B44: 8.1 Hiển thị màn hình tra cứu | C44: Displaying | D44: Kiểm tra truy cập My Timesheets hiển thị timesheet kỳ hiện tại của chính nhân viên | E44: Function | G44: =F08_TraCuuTimesheet!A9 -> TIME_SearchTimesheet_01
D45: Kiểm tra layout màn hình My Timesheets | E45: GUI | F45: Cần đối chiếu hành vi/thông báo thực tế trên OrangeHRM 5.x khi chạy test | G45: =F08_TraCuuTimesheet!A10 -> TIME_SearchTimesheet_02
D46: Kiểm tra truy cập Employee Timesheets bằng tài khoản Admin | E46: Function | G46: =F08_TraCuuTimesheet!A11 -> TIME_SearchTimesheet_03
D47: Kiểm tra layout màn hình Employee Timesheets | E47: GUI | F47: Cần đối chiếu hành vi/thông báo thực tế trên OrangeHRM 5.x khi chạy test | G47: =F08_TraCuuTimesheet!A12 -> TIME_SearchTimesheet_04
D48: Kiểm tra danh sách timesheet chờ xử lý (Pending Action) hiển thị đúng | E48: Function | G48: =F08_TraCuuTimesheet!A13 -> TIME_SearchTimesheet_05
B49: 8.2 Tra cứu theo nhân viên | C49: Giá trị hợp lệ | D49: Kiểm tra tìm theo tên nhân viên đầy đủ, chọn từ gợi ý rồi click [View] | E49: Function | G49: =F08_TraCuuTimesheet!A14 -> TIME_SearchTimesheet_06
D50: Kiểm tra gợi ý khi gõ một phần tên | E50: Function | G50: =F08_TraCuuTimesheet!A15 -> TIME_SearchTimesheet_07
D51: Kiểm tra tìm kiếm không phân biệt chữ hoa/thường ('test employee') | E51: Function | G51: =F08_TraCuuTimesheet!A16 -> TIME_SearchTimesheet_08
D52: Kiểm tra tên có khoảng trắng ở đầu/cuối (' Test Employee ') | E52: Function | F52: Cần đối chiếu hành vi/thông báo thực tế trên OrangeHRM 5.x khi chạy test | G52: =F08_TraCuuTimesheet!A17 -> TIME_SearchTimesheet_09
D53: Kiểm tra xem timesheet từ danh sách Pending Action | E53: Function | G53: =F08_TraCuuTimesheet!A18 -> TIME_SearchTimesheet_10
D54: Kiểm tra dữ liệu chi tiết timesheet khớp với dữ liệu đã nhập | E54: Function | G54: =F08_TraCuuTimesheet!A19 -> TIME_SearchTimesheet_11
D55: Kiểm tra tổng giờ theo ngày và tổng giờ cả tuần tính đúng | E55: Function | G55: =F08_TraCuuTimesheet!A20 -> TIME_SearchTimesheet_12
D56: Kiểm tra nhân viên chỉ xem được timesheet của chính mình ở My Timesheets | E56: Function | G56: =F08_TraCuuTimesheet!A21 -> TIME_SearchTimesheet_13
C57: Điều hướng kỳ và giá trị biên | D57: Kiểm tra điều hướng sang kỳ (tuần) liền trước | E57: Function | G57: =F08_TraCuuTimesheet!A22 -> TIME_SearchTimesheet_14
D58: Kiểm tra điều hướng sang kỳ (tuần) liền sau | E58: Function | F58: Cần đối chiếu hành vi/thông báo thực tế trên OrangeHRM 5.x khi chạy test | G58: =F08_TraCuuTimesheet!A23 -> TIME_SearchTimesheet_15
D59: Kiểm tra kỳ giao giữa hai năm (tuần chứa 31/12 và 01/01) | E59: Boundary | G59: =F08_TraCuuTimesheet!A24 -> TIME_SearchTimesheet_16
D60: Kiểm tra kỳ rất xa trong quá khứ (chưa có timesheet) | E60: Boundary | F60: Cần đối chiếu hành vi/thông báo thực tế trên OrangeHRM 5.x khi chạy test | G60: =F08_TraCuuTimesheet!A25 -> TIME_SearchTimesheet_17
D61: Kiểm tra nhập 1 ký tự vào Employee Name (độ dài tối thiểu) | E61: Boundary | G61: =F08_TraCuuTimesheet!A26 -> TIME_SearchTimesheet_18
D62: Kiểm tra nhập chuỗi rất dài (≥ 100 ký tự) vào Employee Name | E62: Boundary | F62: Cần đối chiếu hành vi/thông báo thực tế trên OrangeHRM 5.x khi chạy test | G62: =F08_TraCuuTimesheet!A27 -> TIME_SearchTimesheet_19
C63: Giá trị không hợp lệ | D63: Kiểm tra click [View] khi để trống Employee Name | E63: Negative | G63: =F08_TraCuuTimesheet!A28 -> TIME_SearchTimesheet_20
D64: Kiểm tra tên nhân viên không tồn tại ('Nobody Existing') | E64: Negative | G64: =F08_TraCuuTimesheet!A29 -> TIME_SearchTimesheet_21
D65: Kiểm tra gõ đúng tên nhưng không chọn từ danh sách gợi ý | E65: Negative | G65: =F08_TraCuuTimesheet!A30 -> TIME_SearchTimesheet_22
D66: Kiểm tra nhập ký tự đặc biệt '@#$%^&*' vào Employee Name | E66: Negative | G66: =F08_TraCuuTimesheet!A31 -> TIME_SearchTimesheet_23
D67: Kiểm tra nhân viên chưa có timesheet ('Test Employee2') | E67: Negative | F67: Cần đối chiếu hành vi/thông báo thực tế trên OrangeHRM 5.x khi chạy test | G67: =F08_TraCuuTimesheet!A32 -> TIME_SearchTimesheet_24
B68: 8.3 Phân quyền và bảo mật | C68: Security | D68: Kiểm tra SQL Injection tại Employee Name: ' OR 1=1 -- | E68: Security | G68: =F08_TraCuuTimesheet!A33 -> TIME_SearchTimesheet_25
D69: Kiểm tra XSS tại Employee Name: <script>alert(1)</script> | E69: Security | G69: =F08_TraCuuTimesheet!A34 -> TIME_SearchTimesheet_26
D70: Kiểm tra ESS (không phải supervisor) không truy cập được Employee Timesheets | E70: Security | F70: Cần đối chiếu hành vi/thông báo thực tế trên OrangeHRM 5.x khi chạy test | G70: =F08_TraCuuTimesheet!A35 -> TIME_SearchTimesheet_27
D71: Kiểm tra ESS không xem được timesheet nhân viên khác bằng cách đổi ID trên URL | E71: Security | F71: Cần đối chiếu hành vi/thông báo thực tế trên OrangeHRM 5.x khi chạy test | G71: =F08_TraCuuTimesheet!A36 -> TIME_SearchTimesheet_28
D72: Kiểm tra truy cập trang Employee Timesheets khi chưa đăng nhập | E72: Security | G72: =F08_TraCuuTimesheet!A37 -> TIME_SearchTimesheet_29
A73: F09. Gửi và xử lý timesheet | B73: 9.1 Gửi timesheet (Submit) | C73: Giá trị hợp lệ | D73: Kiểm tra gửi timesheet trạng thái 'Not Submitted' có dữ liệu hợp lệ | E73: Function | G73: =F09_GuiVaXuLy!A9 -> TIME_SubmitProcess_01
D74: Kiểm tra sau khi Submit, nhân viên không còn sửa được timesheet | E74: Function | G74: =F09_GuiVaXuLy!A10 -> TIME_SubmitProcess_02
D75: Kiểm tra lịch sử thao tác (Actions Performed) ghi nhận lần Submit | E75: Function | F75: Cần đối chiếu hành vi/thông báo thực tế trên OrangeHRM 5.x khi chạy test | G75: =F09_GuiVaXuLy!A11 -> TIME_SubmitProcess_03
D76: Kiểm tra gửi timesheet có nhiều hàng Project/Activity | E76: Function | G76: =F09_GuiVaXuLy!A12 -> TIME_SubmitProcess_04
D77: Kiểm tra gửi timesheet của kỳ trong quá khứ | E77: Function | F77: Cần đối chiếu hành vi/thông báo thực tế trên OrangeHRM 5.x khi chạy test | G77: =F09_GuiVaXuLy!A13 -> TIME_SubmitProcess_05
C78: Giá trị biên | D78: Kiểm tra gửi timesheet có tổng giờ lớn nhất hợp lệ (7 ngày × 23:59) | E78: Boundary | G78: =F09_GuiVaXuLy!A14 -> TIME_SubmitProcess_06
D79: Kiểm tra gửi timesheet có tổng giờ = 00:00 (hàng có Project nhưng toàn bộ giờ = 0) | E79: Boundary | F79: Cần đối chiếu hành vi/thông báo thực tế trên OrangeHRM 5.x khi chạy test | G79: =F09_GuiVaXuLy!A15 -> TIME_SubmitProcess_07
D80: Kiểm tra gửi timesheet có đúng 1 ô giờ nhỏ nhất (00:01) | E80: Boundary | G80: =F09_GuiVaXuLy!A16 -> TIME_SubmitProcess_08
C81: Giá trị không hợp lệ | D81: Kiểm tra gửi timesheet chưa có dữ liệu giờ (trống) | E81: Negative | F81: Cần đối chiếu hành vi/thông báo thực tế trên OrangeHRM 5.x khi chạy test | G81: =F09_GuiVaXuLy!A17 -> TIME_SubmitProcess_09
D82: Kiểm tra gửi lại timesheet đã 'Submitted' (nhấn Back/F5 rồi Submit) | E82: Negative | G82: =F09_GuiVaXuLy!A18 -> TIME_SubmitProcess_10
D83: Kiểm tra nhấn đúp nút [Submit] | E83: Negative | G83: =F09_GuiVaXuLy!A19 -> TIME_SubmitProcess_11
D84: Kiểm tra hết phiên đăng nhập khi đang Submit | E84: Negative | G84: =F09_GuiVaXuLy!A20 -> TIME_SubmitProcess_12
B85: 9.2 Phê duyệt / Từ chối (Approve / Reject) | C85: Giá trị hợp lệ | D85: Kiểm tra Admin phê duyệt (Approve) timesheet đã Submitted | E85: Function | G85: =F09_GuiVaXuLy!A21 -> TIME_SubmitProcess_13
D86: Kiểm tra Approve kèm comment hợp lệ | E86: Function | F86: Cần đối chiếu hành vi/thông báo thực tế trên OrangeHRM 5.x khi chạy test | G86: =F09_GuiVaXuLy!A22 -> TIME_SubmitProcess_14
D87: Kiểm tra Admin từ chối (Reject) timesheet kèm lý do | E87: Function | G87: =F09_GuiVaXuLy!A23 -> TIME_SubmitProcess_15
D88: Kiểm tra Reject khi không nhập comment | E88: Function | F88: Cần đối chiếu hành vi/thông báo thực tế trên OrangeHRM 5.x khi chạy test | G88: =F09_GuiVaXuLy!A24 -> TIME_SubmitProcess_16
D89: Kiểm tra timesheet biến mất khỏi Pending Action sau khi Approve | E89: Function | G89: =F09_GuiVaXuLy!A25 -> TIME_SubmitProcess_17
D90: Kiểm tra nhân viên thấy trạng thái 'Approved' và không sửa được | E90: Function | G90: =F09_GuiVaXuLy!A26 -> TIME_SubmitProcess_18
D91: Kiểm tra nhân viên thấy trạng thái 'Rejected' và xem được lý do từ chối | E91: Function | G91: =F09_GuiVaXuLy!A27 -> TIME_SubmitProcess_19
D92: Kiểm tra nhân viên sửa timesheet bị Reject và gửi lại thành công | E92: Function | G92: =F09_GuiVaXuLy!A28 -> TIME_SubmitProcess_20
D93: Kiểm tra luồng end-to-end: gửi lại sau Reject rồi Admin Approve | E93: Function | G93: =F09_GuiVaXuLy!A29 -> TIME_SubmitProcess_21
D94: Kiểm tra lịch sử thao tác ghi đúng người thực hiện, hành động, thời gian | E94: Function | F94: Cần đối chiếu hành vi/thông báo thực tế trên OrangeHRM 5.x khi chạy test | G94: =F09_GuiVaXuLy!A30 -> TIME_SubmitProcess_22
D95: Kiểm tra Reset timesheet đã Submitted/Approved trở về 'Not Submitted' | E95: Function | F95: Cần đối chiếu hành vi/thông báo thực tế trên OrangeHRM 5.x khi chạy test | G95: =F09_GuiVaXuLy!A31 -> TIME_SubmitProcess_23
C96: Giá trị biên | D96: Kiểm tra comment phê duyệt đúng 250 ký tự | E96: Boundary | F96: Cần đối chiếu hành vi/thông báo thực tế trên OrangeHRM 5.x khi chạy test | G96: =F09_GuiVaXuLy!A32 -> TIME_SubmitProcess_24
D97: Kiểm tra comment phê duyệt 251 ký tự (vượt biên) | E97: Boundary | F97: Cần đối chiếu hành vi/thông báo thực tế trên OrangeHRM 5.x khi chạy test | G97: =F09_GuiVaXuLy!A33 -> TIME_SubmitProcess_25
D98: Kiểm tra Pending Action khi không có timesheet nào chờ xử lý (0 bản ghi) | E98: Boundary | G98: =F09_GuiVaXuLy!A34 -> TIME_SubmitProcess_26
D99: Kiểm tra Pending Action khi có nhiều timesheet (> 50 bản ghi, kiểm tra phân trang) | E99: Boundary | F99: Cần đối chiếu hành vi/thông báo thực tế trên OrangeHRM 5.x khi chạy test | G99: =F09_GuiVaXuLy!A35 -> TIME_SubmitProcess_27
C100: Giá trị không hợp lệ | D100: Kiểm tra timesheet 'Not Submitted' không xuất hiện trong Pending Action | E100: Negative | G100: =F09_GuiVaXuLy!A36 -> TIME_SubmitProcess_28
...

Sheet F07_TaoTimesheet
A2: Module Code | B2: TIME_CreateTimesheet | J2: Passed
A3: Test requirement | B3: F07. Tạo timesheet | J3: Failed
A4: Tester | B4: =Cover!G4 -> Nguyễn Thị Hồng Châu | J4: Blocked
A5: Passed | B5: Failed | C5: Untested | D5: Blocked | E5: Skipped | F5: Number of Test cases | J5: Untested
A6: =COUNTIF(F9:F90,"Passed") -> 0 | B6: =COUNTIF(F9:F90,"Failed") -> 0 | C6: =F6-E6-D6-B6-A6 -> 42 | D6: =COUNTIF(F9:F90,"Blocked") -> 0 | E6: =COUNTIF(F9:F90,"Skipped") -> 0 | F6: =COUNTA(A9:A90) -> 42 | J6: Skipped
A8: ID | B8: Test Case Description | C8: Test Case Procedure | D8: Expected Output | E8: Inter-test case Dependence | F8: Result | G8: Test date | H8: Note
A9: =IF(OR(B9<>"",D9<>""),$B$2&"_"&TEXT(ROW()-8,"00"),"") -> TIME_CreateTimesheet_01 | B9: Kiểm tra hiển thị nút [Create Timesheet] khi nhân viên chưa có timesheet ở kỳ hiện tại | C9: Pre-condition: + Đăng nhập bằng tài khoản ESS 'ess_test' (liên kết nhân viên 'Test Employee') + Đã có dữ liệu dự án (Time > Project Info): Customer 'CUS_Test'; Project 'PRJ_Alpha' (Activity: 'Development', 'Testing'); Project 'PRJ_Beta' (Activity: 'Support') + 'Test Employee' chưa có timesheet ở kỳ (tuần) hiện tại Step: 1. Chọn menu Time > Timesheets > My Timesheets | D9: 1. Trang My Timesheets hiển thị kỳ (tuần) hiện tại từ Thứ Hai đến Chủ Nhật 2. Nút [Create Timesheet] được hiển thị; chưa có dòng dữ liệu giờ nào | E9: Đăng nhập với role ESS | F9: Untested
A10: =IF(OR(B10<>"",D10<>""),$B$2&"_"&TEXT(ROW()-8,"00"),"") -> TIME_CreateTimesheet_02 | B10: Kiểm tra layout màn hình Edit Timesheet sau khi click [Create Timesheet] | C10: Pre-condition: + Đăng nhập bằng tài khoản ESS 'ess_test' (liên kết nhân viên 'Test Employee') + Đã có dữ liệu dự án (Time > Project Info): Customer 'CUS_Test'; Project 'PRJ_Alpha' (Activity: 'Development', 'Testing'); Project 'PRJ_Beta' (Activity: 'Support') + 'Test Employee' chưa có timesheet ở kỳ (tuần) hiện tại Step: 1. Chọn menu Time > Timesheets > My Timesheets 2. Click nút [Create Timesheet] | D10: 1. Màn hình Edit Timesheet hiển thị đúng kỳ timesheet 2. Có cột Project Name, Activity, 7 cột ngày (Mon–Sun), cột Total; có các nút [Add Row], [Cancel], [Reset], [Save]; căn chỉnh, font, nhãn hiển thị đúng | E10: Đăng nhập với role ESS | F10: Untested | H10: Cần đối chiếu hành vi/thông báo thực tế trên OrangeHRM 5.x khi chạy test
A11: =IF(OR(B11<>"",D11<>""),$B$2&"_"&TEXT(ROW()-8,"00"),"") -> TIME_CreateTimesheet_03 | B11: Kiểm tra giá trị mặc định trên màn hình Edit Timesheet | C11: Pre-condition: + Đăng nhập bằng tài khoản ESS 'ess_test' (liên kết nhân viên 'Test Employee') + Đã có dữ liệu dự án (Time > Project Info): Customer 'CUS_Test'; Project 'PRJ_Alpha' (Activity: 'Development', 'Testing'); Project 'PRJ_Beta' (Activity: 'Support') + 'Test Employee' chưa có timesheet ở kỳ (tuần) hiện tại Step: 1. Chọn menu Time > Timesheets > My Timesheets 2. Click nút [Create Timesheet] | D11: 2. Có 1 hàng trống; Project Name, Activity chưa chọn; các ô giờ để trống; tổng giờ = 00:00 | E11: Đăng nhập với role ESS | F11: Untested
A12: =IF(OR(B12<>"",D12<>""),$B$2&"_"&TEXT(ROW()-8,"00"),"") -> TIME_CreateTimesheet_04 | B12: Kiểm tra tạo timesheet hợp lệ: 1 hàng, 1 ngày, giờ nhập dạng HH:MM (08:00) | C12: Pre-condition: + Đăng nhập bằng tài khoản ESS 'ess_test' (liên kết nhân viên 'Test Employee') + Đã có dữ liệu dự án (Time > Project Info): Customer 'CUS_Test'; Project 'PRJ_Alpha' (Activity: 'Development', 'Testing'); Project 'PRJ_Beta' (Activity: 'Support') + 'Test Employee' chưa có timesheet ở kỳ (tuần) hiện tại Step: 1. Chọn menu Time > Timesheets > My Timesheets 2. Click nút [Create Timesheet] 3. Tại Project Name gõ 'PRJ_A' và chọn 'PRJ_Alpha' từ danh sách gợi ý 4. Chọn Activity = 'Development' 5. Nhập '08:00' vào cột Mon 6. Click nút [Save] | D12: 5. Hiển thị thông báo lưu thành công 6. Trở về My Timesheets: timesheet kỳ hiện tại có Mon = 08:00, Total = 08:00, trạng thái 'Not Submitted' | E12: Đăng nhập với role ESS | F12: Untested
A13: =IF(OR(B13<>"",D13<>""),$B$2&"_"&TEXT(ROW()-8,"00"),"") -> TIME_CreateTimesheet_05 | B13: Kiểm tra nhập giờ dạng số nguyên '8' được chuẩn hóa thành 08:00 | C13: Pre-condition: + Đăng nhập bằng tài khoản ESS 'ess_test' (liên kết nhân viên 'Test Employee') + Đã có dữ liệu dự án (Time > Project Info): Customer 'CUS_Test'; Project 'PRJ_Alpha' (Activity: 'Development', 'Testing'); Project 'PRJ_Beta' (Activity: 'Support') + 'Test Employee' chưa có timesheet ở kỳ (tuần) hiện tại Step: 1. Chọn menu Time > Timesheets > My Timesheets 2. Click nút [Create Timesheet] 3. Tại Project Name gõ 'PRJ_A' và chọn 'PRJ_Alpha' từ danh sách gợi ý 4. Chọn Activity = 'Development' 5. Nhập '8' vào cột Tue 6. Click nút [Save] | D13: 6. Lưu thành công; ô Tue hiển thị 08:00, Total = 08:00 | E13: Đăng nhập với role ESS | F13: Untested
A14: =IF(OR(B14<>"",D14<>""),$B$2&"_"&TEXT(ROW()-8,"00"),"") -> TIME_CreateTimesheet_06 | B14: Kiểm tra nhập giờ dạng thập phân '7.5' được chuẩn hóa thành 07:30 | C14: Pre-condition: + Đăng nhập bằng tài khoản ESS 'ess_test' (liên kết nhân viên 'Test Employee') + Đã có dữ liệu dự án (Time > Project Info): Customer 'CUS_Test'; Project 'PRJ_Alpha' (Activity: 'Development', 'Testing'); Project 'PRJ_Beta' (Activity: 'Support') + 'Test Employee' chưa có timesheet ở kỳ (tuần) hiện tại Step: 1. Chọn menu Time > Timesheets > My Timesheets 2. Click nút [Create Timesheet] 3. Tại Project Name gõ 'PRJ_A' và chọn 'PRJ_Alpha' từ danh sách gợi ý 4. Chọn Activity = 'Development' 5. Nhập '7.5' vào cột Wed 6. Click nút [Save] | D14: 6. Lưu thành công; ô Wed hiển thị 07:30, Total = 07:30 | E14: Đăng nhập với role ESS | F14: Untested | H14: Cần đối chiếu hành vi/thông báo thực tế trên OrangeHRM 5.x khi chạy test
A15: =IF(OR(B15<>"",D15<>""),$B$2&"_"&TEXT(ROW()-8,"00"),"") -> TIME_CreateTimesheet_07 | B15: Kiểm tra nhập giờ dạng H:MM '8:30' | C15: Pre-condition: + Đăng nhập bằng tài khoản ESS 'ess_test' (liên kết nhân viên 'Test Employee') + Đã có dữ liệu dự án (Time > Project Info): Customer 'CUS_Test'; Project 'PRJ_Alpha' (Activity: 'Development', 'Testing'); Project 'PRJ_Beta' (Activity: 'Support') + 'Test Employee' chưa có timesheet ở kỳ (tuần) hiện tại Step: 1. Chọn menu Time > Timesheets > My Timesheets 2. Click nút [Create Timesheet] 3. Tại Project Name gõ 'PRJ_A' và chọn 'PRJ_Alpha' từ danh sách gợi ý 4. Chọn Activity = 'Development' 5. Nhập '8:30' vào cột Thu 6. Click nút [Save] | D15: 6. Lưu thành công; ô Thu hiển thị 08:30, Total = 08:30 | E15: Đăng nhập với role ESS | F15: Untested
A16: =IF(OR(B16<>"",D16<>""),$B$2&"_"&TEXT(ROW()-8,"00"),"") -> TIME_CreateTimesheet_08 | B16: Kiểm tra tạo timesheet có giờ cho cả 7 ngày (mỗi ngày 08:00) | C16: Pre-condition: + Đăng nhập bằng tài khoản ESS 'ess_test' (liên kết nhân viên 'Test Employee') + Đã có dữ liệu dự án (Time > Project Info): Customer 'CUS_Test'; Project 'PRJ_Alpha' (Activity: 'Development', 'Testing'); Project 'PRJ_Beta' (Activity: 'Support') + 'Test Employee' chưa có timesheet ở kỳ (tuần) hiện tại Step: 1. Chọn menu Time > Timesheets > My Timesheets 2. Click nút [Create Timesheet] 3. Tại Project Name gõ 'PRJ_A' và chọn 'PRJ_Alpha' từ danh sách gợi ý 4. Chọn Activity = 'Development' 5. Nhập '08:00' vào cả 7 cột Mon–Sun 6. Click nút [Save] | D16: 6. Lưu thành công; tổng hàng = 56:00; tổng mỗi ngày = 08:00 | E16: Đăng nhập với role ESS | F16: Untested
A17: =IF(OR(B17<>"",D17<>""),$B$2&"_"&TEXT(ROW()-8,"00"),"") -> TIME_CreateTimesheet_09 | B17: Kiểm tra tạo timesheet nhiều hàng với 2 Project khác nhau | C17: Pre-condition: + Đăng nhập bằng tài khoản ESS 'ess_test' (liên kết nhân viên 'Test Employee') + Đã có dữ liệu dự án (Time > Project Info): Customer 'CUS_Test'; Project 'PRJ_Alpha' (Activity: 'Development', 'Testing'); Project 'PRJ_Beta' (Activity: 'Support') + 'Test Employee' chưa có timesheet ở kỳ (tuần) hiện tại Step: 1. Chọn menu Time > Timesheets > My Timesheets 2. Click nút [Create Timesheet] 3. Tại Project Name gõ 'PRJ_A' và chọn 'PRJ_Alpha' từ danh sách gợi ý 4. Chọn Activity = 'Development' 5. Nhập '04:00' vào cột Mon 6. Click [Add Row] 7. Tại Project Name gõ 'PRJ_B' và chọn 'PRJ_Beta' từ danh sách gợi ý 8. Chọn Activity = 'Support' 9. Nhập '04:00' vào cột Mon 10. Click nút [Save] | D17: 10. Lưu thành công; 2 hàng hiển thị đúng; tổng ngày Mon = 08:00; tổng mỗi hàng = 04:00 | E17: Đăng nhập với role ESS | F17: Untested
A18: =IF(OR(B18<>"",D18<>""),$B$2&"_"&TEXT(ROW()-8,"00"),"") -> TIME_CreateTimesheet_10 | B18: Kiểm tra tạo timesheet nhiều hàng cùng Project nhưng khác Activity | C18: Pre-condition: + Đăng nhập bằng tài khoản ESS 'ess_test' (liên kết nhân viên 'Test Employee') + Đã có dữ liệu dự án (Time > Project Info): Customer 'CUS_Test'; Project 'PRJ_Alpha' (Activity: 'Development', 'Testing'); Project 'PRJ_Beta' (Activity: 'Support') + 'Test Employee' chưa có timesheet ở kỳ (tuần) hiện tại Step: 1. Chọn menu Time > Timesheets > My Timesheets 2. Click nút [Create Timesheet] 3. Tại Project Name gõ 'PRJ_A' và chọn 'PRJ_Alpha' từ danh sách gợi ý 4. Chọn Activity = 'Development' 5. Nhập '03:00' vào cột Mon 6. Click [Add Row] 7. Tại Project Name gõ 'PRJ_A' và chọn 'PRJ_Alpha' từ danh sách gợi ý 8. Chọn Activity = 'Testing' 9. Nhập '05:00' vào cột Mon 10. Click nút [Save] | D18: 10. Lưu thành công (2 cặp Project/Activity khác nhau); tổng ngày Mon = 08:00 | E18: Đăng nhập với role ESS | F18: Untested
A19: =IF(OR(B19<>"",D19<>""),$B$2&"_"&TEXT(ROW()-8,"00"),"") -> TIME_CreateTimesheet_11 | B19: Kiểm tra thêm nhiều hàng bằng [Add Row] | C19: Pre-condition: + Đăng nhập bằng tài khoản ESS 'ess_test' (liên kết nhân viên 'Test Employee') + Đã có dữ liệu dự án (Time > Project Info): Customer 'CUS_Test'; Project 'PRJ_Alpha' (Activity: 'Development', 'Testing'); Project 'PRJ_Beta' (Activity: 'Support') + 'Test Employee' chưa có timesheet ở kỳ (tuần) hiện tại Step: 1. Chọn menu Time > Timesheets > My Timesheets 2. Click nút [Create Timesheet] 3. Click [Add Row] 3 lần | D19: 3. Màn hình có tổng cộng 4 hàng trống, mỗi hàng đều có Project Name, Activity và 7 ô giờ | E19: Đăng nhập với role ESS | F19: Untested
A20: =IF(OR(B20<>"",D20<>""),$B$2&"_"&TEXT(ROW()-8,"00"),"") -> TIME_CreateTimesheet_12 | B20: Kiểm tra xóa 1 hàng trước khi lưu | C20: Pre-condition: + Đăng nhập bằng tài khoản ESS 'ess_test' (liên kết nhân viên 'Test Employee') + Đã có dữ liệu dự án (Time > Project Info): Customer 'CUS_Test'; Project 'PRJ_Alpha' (Activity: 'Development', 'Testing'); Project 'PRJ_Beta' (Activity: 'Support') + 'Test Employee' chưa có timesheet ở kỳ (tuần) hiện tại Step: 1. Chọn menu Time > Timesheets > My Timesheets 2. Click nút [Create Timesheet] 3. Tại Project Name gõ 'PRJ_A' và chọn 'PRJ_Alpha' từ danh sách gợi ý 4. Chọn Activity = 'Development' 5. Nhập '08:00' vào Mon 6. Click [Add Row] 7. Tại Project Name gõ 'PRJ_B' và chọn 'PRJ_Beta' từ danh sách gợi ý 8. Chọn Activity = 'Support' 9. Nhập '02:00' vào Mon 10. Click biểu tượng xóa (thùng rác) ở hàng 2 11. Click nút [Save] | D20: 11. Hàng 2 bị xóa khỏi lưới; sau khi lưu chỉ còn hàng 1 (Mon = 08:00) | E20: Đăng nhập với role ESS | F20: Untested
A21: =IF(OR(B21<>"",D21<>""),$B$2&"_"&TEXT(ROW()-8,"00"),"") -> TIME_CreateTimesheet_13 | B21: Kiểm tra thêm comment hợp lệ cho ô giờ | C21: Pre-condition: + Đăng nhập bằng tài khoản ESS 'ess_test' (liên kết nhân viên 'Test Employee') + Đã có dữ liệu dự án (Time > Project Info): Customer 'CUS_Test'; Project 'PRJ_Alpha' (Activity: 'Development', 'Testing'); Project 'PRJ_Beta' (Activity: 'Support') + 'Test Employee' chưa có timesheet ở kỳ (tuần) hiện tại Step: 1. Chọn menu Time > Timesheets > My Timesheets 2. Click nút [Create Timesheet] 3. Tại Project Name gõ 'PRJ_A' và chọn 'PRJ_Alpha' từ danh sách gợi ý 4. Chọn Activity = 'Development' 5. Nhập '08:00' vào cột Mon 6. Click biểu tượng comment ở ô Mon, nhập 'Fix bug login', xác nhận 7. Click nút [Save] | D21: 7. Lưu thành công; ô Mon có biểu tượng comment; mở lại hiển thị nội dung 'Fix bug login' | E21: Đăng nhập với role ESS | F21: Untested
A22: =IF(OR(B22<>"",D22<>""),$B$2&"_"&TEXT(ROW()-8,"00"),"") -> TIME_CreateTimesheet_14 | B22: Kiểm tra click [Cancel] khi đang nhập dữ liệu | C22: Pre-condition: + Đăng nhập bằng tài khoản ESS 'ess_test' (liên kết nhân viên 'Test Employee') + Đã có dữ liệu dự án (Time > Project Info): Customer 'CUS_Test'; Project 'PRJ_Alpha' (Activity: 'Development', 'Testing'); Project 'PRJ_Beta' (Activity: 'Support') + 'Test Employee' chưa có timesheet ở kỳ (tuần) hiện tại Step: 1. Chọn menu Time > Timesheets > My Timesheets 2. Click nút [Create Timesheet] 3. Tại Project Name gõ 'PRJ_A' và chọn 'PRJ_Alpha' từ danh sách gợi ý 4. Chọn Activity = 'Development' 5. Nhập '08:00' vào cột Mon 6. Click [Cancel] | D22: 6. Trở về trang My Timesheets; không có timesheet nào được tạo; vẫn hiển thị nút [Create Timesheet] | E22: Đăng nhập với role ESS | F22: Untested
A23: =IF(OR(B23<>"",D23<>""),$B$2&"_"&TEXT(ROW()-8,"00"),"") -> TIME_CreateTimesheet_15 | B23: Kiểm tra click [Reset] khi đang nhập dữ liệu | C23: Pre-condition: + Đăng nhập bằng tài khoản ESS 'ess_test' (liên kết nhân viên 'Test Employee') + Đã có dữ liệu dự án (Time > Project Info): Customer 'CUS_Test'; Project 'PRJ_Alpha' (Activity: 'Development', 'Testing'); Project 'PRJ_Beta' (Activity: 'Support') + 'Test Employee' chưa có timesheet ở kỳ (tuần) hiện tại Step: 1. Chọn menu Time > Timesheets > My Timesheets 2. Click nút [Create Timesheet] 3. Tại Project Name gõ 'PRJ_A' và chọn 'PRJ_Alpha' từ danh sách gợi ý 4. Chọn Activity = 'Development' 5. Nhập '08:00' vào cột Mon 6. Click [Reset] | D23: 6. Toàn bộ dữ liệu vừa nhập bị xóa, màn hình trở về trạng thái ban đầu (1 hàng trống) | E23: Đăng nhập với role ESS | F23: Untested | H23: Cần đối chiếu hành vi/thông báo thực tế trên OrangeHRM 5.x khi chạy test
A24: =IF(OR(B24<>"",D24<>""),$B$2&"_"&TEXT(ROW()-8,"00"),"") -> TIME_CreateTimesheet_16 | B24: Kiểm tra biên dưới: nhập giờ = 00:00 | C24: Pre-condition: + Đăng nhập bằng tài khoản ESS 'ess_test' (liên kết nhân viên 'Test Employee') + Đã có dữ liệu dự án (Time > Project Info): Customer 'CUS_Test'; Project 'PRJ_Alpha' (Activity: 'Development', 'Testing'); Project 'PRJ_Beta' (Activity: 'Support') + 'Test Employee' chưa có timesheet ở kỳ (tuần) hiện tại Step: 1. Chọn menu Time > Timesheets > My Timesheets 2. Click nút [Create Timesheet] 3. Tại Project Name gõ 'PRJ_A' và chọn 'PRJ_Alpha' từ danh sách gợi ý 4. Chọn Activity = 'Development' 5. Nhập '00:00' vào cột Mon 6. Click nút [Save] | D24: 6. Giá trị 0 được chấp nhận và không báo lỗi định dạng; Total = 00:00 | E24: Đăng nhập với role ESS | F24: Untested | H24: Cần đối chiếu hành vi/thông báo thực tế trên OrangeHRM 5.x khi chạy test
A25: =IF(OR(B25<>"",D25<>""),$B$2&"_"&TEXT(ROW()-8,"00"),"") -> TIME_CreateTimesheet_17 | B25: Kiểm tra biên dưới + 1 đơn vị: nhập giờ = 00:01 | C25: Pre-condition: + Đăng nhập bằng tài khoản ESS 'ess_test' (liên kết nhân viên 'Test Employee') + Đã có dữ liệu dự án (Time > Project Info): Customer 'CUS_Test'; Project 'PRJ_Alpha' (Activity: 'Development', 'Testing'); Project 'PRJ_Beta' (Activity: 'Support') + 'Test Employee' chưa có timesheet ở kỳ (tuần) hiện tại Step: 1. Chọn menu Time > Timesheets > My Timesheets 2. Click nút [Create Timesheet] 3. Tại Project Name gõ 'PRJ_A' và chọn 'PRJ_Alpha' từ danh sách gợi ý 4. Chọn Activity = 'Development' 5. Nhập '00:01' vào cột Mon 6. Click nút [Save] | D25: 6. Lưu thành công; ô Mon hiển thị 00:01, Total = 00:01 | E25: Đăng nhập với role ESS | F25: Untested
A26: =IF(OR(B26<>"",D26<>""),$B$2&"_"&TEXT(ROW()-8,"00"),"") -> TIME_CreateTimesheet_18 | B26: Kiểm tra biên trên hợp lệ: nhập giờ = 23:59 cho 1 ngày | C26: Pre-condition: + Đăng nhập bằng tài khoản ESS 'ess_test' (liên kết nhân viên 'Test Employee') + Đã có dữ liệu dự án (Time > Project Info): Customer 'CUS_Test'; Project 'PRJ_Alpha' (Activity: 'Development', 'Testing'); Project 'PRJ_Beta' (Activity: 'Support') + 'Test Employee' chưa có timesheet ở kỳ (tuần) hiện tại Step: 1. Chọn menu Time > Timesheets > My Timesheets 2. Click nút [Create Timesheet] 3. Tại Project Name gõ 'PRJ_A' và chọn 'PRJ_Alpha' từ danh sách gợi ý 4. Chọn Activity = 'Development' 5. Nhập '23:59' vào cột Mon 6. Click nút [Save] | D26: 6. Lưu thành công; ô Mon hiển thị 23:59 | E26: Đăng nhập với role ESS | F26: Untested
A27: =IF(OR(B27<>"",D27<>""),$B$2&"_"&TEXT(ROW()-8,"00"),"") -> TIME_CreateTimesheet_19 | B27: Kiểm tra biên trên: nhập giờ = 24:00 cho 1 ngày | C27: Pre-condition: + Đăng nhập bằng tài khoản ESS 'ess_test' (liên kết nhân viên 'Test Employee') + Đã có dữ liệu dự án (Time > Project Info): Customer 'CUS_Test'; Project 'PRJ_Alpha' (Activity: 'Development', 'Testing'); Project 'PRJ_Beta' (Activity: 'Support') + 'Test Employee' chưa có timesheet ở kỳ (tuần) hiện tại Step: 1. Chọn menu Time > Timesheets > My Timesheets 2. Click nút [Create Timesheet] 3. Tại Project Name gõ 'PRJ_A' và chọn 'PRJ_Alpha' từ danh sách gợi ý 4. Chọn Activity = 'Development' 5. Nhập '24:00' vào cột Mon 6. Click nút [Save] | D27: 6. Hiển thị lỗi validation tại ô (ví dụ: 'Should be less than 24:00'); không lưu | E27: Đăng nhập với role ESS | F27: Untested | H27: Cần đối chiếu hành vi/thông báo thực tế trên OrangeHRM 5.x khi chạy test
A28: =IF(OR(B28<>"",D28<>""),$B$2&"_"&TEXT(ROW()-8,"00"),"") -> TIME_CreateTimesheet_20 | B28: Kiểm tra vượt biên trên: nhập giờ = 24:01 | C28: Pre-condition: + Đăng nhập bằng tài khoản ESS 'ess_test' (liên kết nhân viên 'Test Employee') + Đã có dữ liệu dự án (Time > Project Info): Customer 'CUS_Test'; Project 'PRJ_Alpha' (Activity: 'Development', 'Testing'); Project 'PRJ_Beta' (Activity: 'Support') + 'Test Employee' chưa có timesheet ở kỳ (tuần) hiện tại Step: 1. Chọn menu Time > Timesheets > My Timesheets 2. Click nút [Create Timesheet] 3. Tại Project Name gõ 'PRJ_A' và chọn 'PRJ_Alpha' từ danh sách gợi ý 4. Chọn Activity = 'Development' 5. Nhập '24:01' vào cột Mon 6. Click nút [Save] | D28: 6. Hiển thị lỗi validation tại ô; không lưu | E28: Đăng nhập với role ESS | F28: Untested
A29: =IF(OR(B29<>"",D29<>""),$B$2&"_"&TEXT(ROW()-8,"00"),"") -> TIME_CreateTimesheet_21 | B29: Kiểm tra giá trị rất lớn: nhập giờ = 100 | C29: Pre-condition: + Đăng nhập bằng tài khoản ESS 'ess_test' (liên kết nhân viên 'Test Employee') + Đã có dữ liệu dự án (Time > Project Info): Customer 'CUS_Test'; Project 'PRJ_Alpha' (Activity: 'Development', 'Testing'); Project 'PRJ_Beta' (Activity: 'Support') + 'Test Employee' chưa có timesheet ở kỳ (tuần) hiện tại Step: 1. Chọn menu Time > Timesheets > My Timesheets 2. Click nút [Create Timesheet] 3. Tại Project Name gõ 'PRJ_A' và chọn 'PRJ_Alpha' từ danh sách gợi ý 4. Chọn Activity = 'Development' 5. Nhập '100' vào cột Mon 6. Click nút [Save] | D29: 6. Hiển thị lỗi validation tại ô; không lưu; hệ thống không bị lỗi | E29: Đăng nhập với role ESS | F29: Untested
A30: =IF(OR(B30<>"",D30<>""),$B$2&"_"&TEXT(ROW()-8,"00"),"") -> TIME_CreateTimesheet_22 | B30: Kiểm tra biên phút hợp lệ: nhập giờ = 08:59 | C30: Pre-condition: + Đăng nhập bằng tài khoản ESS 'ess_test' (liên kết nhân viên 'Test Employee') + Đã có dữ liệu dự án (Time > Project Info): Customer 'CUS_Test'; Project 'PRJ_Alpha' (Activity: 'Development', 'Testing'); Project 'PRJ_Beta' (Activity: 'Support') + 'Test Employee' chưa có timesheet ở kỳ (tuần) hiện tại Step: 1. Chọn menu Time > Timesheets > My Timesheets 2. Click nút [Create Timesheet] 3. Tại Project Name gõ 'PRJ_A' và chọn 'PRJ_Alpha' từ danh sách gợi ý 4. Chọn Activity = 'Development' 5. Nhập '08:59' vào cột Mon 6. Click nút [Save] | D30: 6. Lưu thành công; ô Mon hiển thị 08:59 | E30: Đăng nhập với role ESS | F30: Untested
A31: =IF(OR(B31<>"",D31<>""),$B$2&"_"&TEXT(ROW()-8,"00"),"") -> TIME_CreateTimesheet_23 | B31: Kiểm tra vượt biên phút: nhập giờ = 08:60 | C31: Pre-condition: + Đăng nhập bằng tài khoản ESS 'ess_test' (liên kết nhân viên 'Test Employee') + Đã có dữ liệu dự án (Time > Project Info): Customer 'CUS_Test'; Project 'PRJ_Alpha' (Activity: 'Development', 'Testing'); Project 'PRJ_Beta' (Activity: 'Support') + 'Test Employee' chưa có timesheet ở kỳ (tuần) hiện tại Step: 1. Chọn menu Time > Timesheets > My Timesheets 2. Click nút [Create Timesheet] 3. Tại Project Name gõ 'PRJ_A' và chọn 'PRJ_Alpha' từ danh sách gợi ý 4. Chọn Activity = 'Development' 5. Nhập '08:60' vào cột Mon 6. Click nút [Save] | D31: 6. Hiển thị lỗi định dạng giờ tại ô; không lưu | E31: Đăng nhập với role ESS | F31: Untested | H31: Cần đối chiếu hành vi/thông báo thực tế trên OrangeHRM 5.x khi chạy test
A32: =IF(OR(B32<>"",D32<>""),$B$2&"_"&TEXT(ROW()-8,"00"),"") -> TIME_CreateTimesheet_24 | B32: Kiểm tra tổng giờ trong 1 ngày qua nhiều hàng vượt 24:00 (12:00 + 13:00) | C32: Pre-condition: + Đăng nhập bằng tài khoản ESS 'ess_test' (liên kết nhân viên 'Test Employee') + Đã có dữ liệu dự án (Time > Project Info): Customer 'CUS_Test'; Project 'PRJ_Alpha' (Activity: 'Development', 'Testing'); Project 'PRJ_Beta' (Activity: 'Support') + 'Test Employee' chưa có timesheet ở kỳ (tuần) hiện tại Step: 1. Chọn menu Time > Timesheets > My Timesheets 2. Click nút [Create Timesheet] 3. Tại Project Name gõ 'PRJ_A' và chọn 'PRJ_Alpha' từ danh sách gợi ý 4. Chọn Activity = 'Development' 5. Nhập '12:00' vào cột Mon 6. Click [Add Row] 7. Tại Project Name gõ 'PRJ_B' và chọn 'PRJ_Beta' từ danh sách gợi ý 8. Chọn Activity = 'Support' 9. Nhập '13:00' vào cột Mon 10. Click nút [Save] | D32: 10. Hệ thống không cho lưu hoặc cảnh báo tổng giờ/ngày vượt 24 giờ (theo nghiệp vụ hợp lý) | E32: Đăng nhập với role ESS | F32: Untested | H32: Cần xác nhận: OrangeHRM có thể chỉ kiểm tra giới hạn trên từng ô, không kiểm tra tổng/ngày
A33: =IF(OR(B33<>"",D33<>""),$B$2&"_"&TEXT(ROW()-8,"00"),"") -> TIME_CreateTimesheet_25 | B33: Kiểm tra comment dài đúng 250 ký tự | C33: Pre-condition: + Đăng nhập bằng tài khoản ESS 'ess_test' (liên kết nhân viên 'Test Employee') + Đã có dữ liệu dự án (Time > Project Info): Customer 'CUS_Test'; Project 'PRJ_Alpha' (Activity: 'Development', 'Testing'); Project 'PRJ_Beta' (Activity: 'Support') + 'Test Employee' chưa có timesheet ở kỳ (tuần) hiện tại Step: 1. Chọn menu Time > Timesheets > My Timesheets 2. Click nút [Create Timesheet] 3. Tại Project Name gõ 'PRJ_A' và chọn 'PRJ_Alpha' từ danh sách gợi ý 4. Chọn Activity = 'Development' 5. Nhập '08:00' vào cột Mon 6. Click biểu tượng comment ở ô Mon, nhập chuỗi 250 ký tự, xác nhận 7. Click nút [Save] | D33: 7. Lưu thành công; comment hiển thị đầy đủ 250 ký tự | E33: Đăng nhập với role ESS | F33: Untested | H33: Cần đối chiếu hành vi/thông báo thực tế trên OrangeHRM 5.x khi chạy test
A34: =IF(OR(B34<>"",D34<>""),$B$2&"_"&TEXT(ROW()-8,"00"),"") -> TIME_CreateTimesheet_26 | B34: Kiểm tra comment dài 251 ký tự (vượt biên) | C34: Pre-condition: + Đăng nhập bằng tài khoản ESS 'ess_test' (liên kết nhân viên 'Test Employee') + Đã có dữ liệu dự án (Time > Project Info): Customer 'CUS_Test'; Project 'PRJ_Alpha' (Activity: 'Development', 'Testing'); Project 'PRJ_Beta' (Activity: 'Support') + 'Test Employee' chưa có timesheet ở kỳ (tuần) hiện tại Step: 1. Chọn menu Time > Timesheets > My Timesheets 2. Click nút [Create Timesheet] 3. Tại Project Name gõ 'PRJ_A' và chọn 'PRJ_Alpha' từ danh sách gợi ý 4. Chọn Activity = 'Development' 5. Nhập '08:00' vào cột Mon 6. Click biểu tượng comment ở ô Mon, nhập chuỗi 251 ký tự, xác nhận 7. Click nút [Save] | D34: 7. Hiển thị lỗi vượt quá độ dài tối đa; không lưu comment | E34: Đăng nhập với role ESS | F34: Untested | H34: Cần đối chiếu hành vi/thông báo thực tế trên OrangeHRM 5.x khi chạy test
A35: =IF(OR(B35<>"",D35<>""),$B$2&"_"&TEXT(ROW()-8,"00"),"") -> TIME_CreateTimesheet_27 | B35: Kiểm tra lưu khi không chọn Project và Activity (đã nhập giờ) | C35: Pre-condition: + Đăng nhập bằng tài khoản ESS 'ess_test' (liên kết nhân viên 'Test Employee') + Đã có dữ liệu dự án (Time > Project Info): Customer 'CUS_Test'; Project 'PRJ_Alpha' (Activity: 'Development', 'Testing'); Project 'PRJ_Beta' (Activity: 'Support') + 'Test Employee' chưa có timesheet ở kỳ (tuần) hiện tại Step: 1. Chọn menu Time > Timesheets > My Timesheets 2. Click nút [Create Timesheet] 3. Nhập '08:00' vào cột Mon, để trống Project Name và Activity 4. Click nút [Save] | D35: 4. Hiển thị lỗi 'Required' tại Project Name và Activity; không lưu | E35: Đăng nhập với role ESS | F35: Untested
A36: =IF(OR(B36<>"",D36<>""),$B$2&"_"&TEXT(ROW()-8,"00"),"") -> TIME_CreateTimesheet_28 | B36: Kiểm tra lưu khi đã chọn Project nhưng bỏ trống Activity | C36: Pre-condition: + Đăng nhập bằng tài khoản ESS 'ess_test' (liên kết nhân viên 'Test Employee') + Đã có dữ liệu dự án (Time > Project Info): Customer 'CUS_Test'; Project 'PRJ_Alpha' (Activity: 'Development', 'Testing'); Project 'PRJ_Beta' (Activity: 'Support') + 'Test Employee' chưa có timesheet ở kỳ (tuần) hiện tại Step: 1. Chọn menu Time > Timesheets > My Timesheets 2. Click nút [Create Timesheet] 3. Chọn Project 'PRJ_Alpha', để trống Activity, nhập '08:00' vào cột Mon 4. Click nút [Save] | D36: 4. Hiển thị lỗi 'Required' tại Activity; không lưu | E36: Đăng nhập với role ESS | F36: Untested
A37: =IF(OR(B37<>"",D37<>""),$B$2&"_"&TEXT(ROW()-8,"00"),"") -> TIME_CreateTimesheet_29 | B37: Kiểm tra gõ Project Name nhưng không chọn từ danh sách gợi ý | C37: Pre-condition: + Đăng nhập bằng tài khoản ESS 'ess_test' (liên kết nhân viên 'Test Employee') + Đã có dữ liệu dự án (Time > Project Info): Customer 'CUS_Test'; Project 'PRJ_Alpha' (Activity: 'Development', 'Testing'); Project 'PRJ_Beta' (Activity: 'Support') + 'Test Employee' chưa có timesheet ở kỳ (tuần) hiện tại Step: 1. Chọn menu Time > Timesheets > My Timesheets 2. Click nút [Create Timesheet] 3. Gõ 'PRJ_Alp' vào Project Name (không chọn gợi ý), nhập '08:00' vào cột Mon 4. Click nút [Save] | D37: 4. Hiển thị lỗi 'Invalid' tại Project Name; không lưu | E37: Đăng nhập với role ESS | F37: Untested
A38: =IF(OR(B38<>"",D38<>""),$B$2&"_"&TEXT(ROW()-8,"00"),"") -> TIME_CreateTimesheet_30 | B38: Kiểm tra Project Name không tồn tại ('PRJ_NotExist') | C38: Pre-condition: + Đăng nhập bằng tài khoản ESS 'ess_test' (liên kết nhân viên 'Test Employee') + Đã có dữ liệu dự án (Time > Project Info): Customer 'CUS_Test'; Project 'PRJ_Alpha' (Activity: 'Development', 'Testing'); Project 'PRJ_Beta' (Activity: 'Support') + 'Test Employee' chưa có timesheet ở kỳ (tuần) hiện tại Step: 1. Chọn menu Time > Timesheets > My Timesheets 2. Click nút [Create Timesheet] 3. Gõ 'PRJ_NotExist' vào Project Name | D38: 3. Danh sách gợi ý hiển thị 'No Records Found'; Activity không có dữ liệu; Save báo lỗi 'Invalid' | E38: Đăng nhập với role ESS | F38: Untested
A39: =IF(OR(B39<>"",D39<>""),$B$2&"_"&TEXT(ROW()-8,"00"),"") -> TIME_CreateTimesheet_31 | B39: Kiểm tra nhập giờ là chữ ('abc') | C39: Pre-condition: + Đăng nhập bằng tài khoản ESS 'ess_test' (liên kết nhân viên 'Test Employee') + Đã có dữ liệu dự án (Time > Project Info): Customer 'CUS_Test'; Project 'PRJ_Alpha' (Activity: 'Development', 'Testing'); Project 'PRJ_Beta' (Activity: 'Support') + 'Test Employee' chưa có timesheet ở kỳ (tuần) hiện tại Step: 1. Chọn menu Time > Timesheets > My Timesheets 2. Click nút [Create Timesheet] 3. Tại Project Name gõ 'PRJ_A' và chọn 'PRJ_Alpha' từ danh sách gợi ý 4. Chọn Activity = 'Development' 5. Nhập 'abc' vào cột Mon 6. Click nút [Save] | D39: 6. Hiển thị lỗi định dạng giờ tại ô; không lưu | E39: Đăng nhập với role ESS | F39: Untested
A40: =IF(OR(B40<>"",D40<>""),$B$2&"_"&TEXT(ROW()-8,"00"),"") -> TIME_CreateTimesheet_32 | B40: Kiểm tra nhập giờ âm ('-1') | C40: Pre-condition: + Đăng nhập bằng tài khoản ESS 'ess_test' (liên kết nhân viên 'Test Employee') + Đã có dữ liệu dự án (Time > Project Info): Customer 'CUS_Test'; Project 'PRJ_Alpha' (Activity: 'Development', 'Testing'); Project 'PRJ_Beta' (Activity: 'Support') + 'Test Employee' chưa có timesheet ở kỳ (tuần) hiện tại Step: 1. Chọn menu Time > Timesheets > My Timesheets 2. Click nút [Create Timesheet] 3. Tại Project Name gõ 'PRJ_A' và chọn 'PRJ_Alpha' từ danh sách gợi ý 4. Chọn Activity = 'Development' 5. Nhập '-1' vào cột Mon 6. Click nút [Save] | D40: 6. Hiển thị lỗi định dạng/giá trị giờ tại ô; không lưu | E40: Đăng nhập với role ESS | F40: Untested
A41: =IF(OR(B41<>"",D41<>""),$B$2&"_"&TEXT(ROW()-8,"00"),"") -> TIME_CreateTimesheet_33 | B41: Kiểm tra nhập giờ chứa ký tự đặc biệt ('8@#') | C41: Pre-condition: + Đăng nhập bằng tài khoản ESS 'ess_test' (liên kết nhân viên 'Test Employee') + Đã có dữ liệu dự án (Time > Project Info): Customer 'CUS_Test'; Project 'PRJ_Alpha' (Activity: 'Development', 'Testing'); Project 'PRJ_Beta' (Activity: 'Support') + 'Test Employee' chưa có timesheet ở kỳ (tuần) hiện tại Step: 1. Chọn menu Time > Timesheets > My Timesheets 2. Click nút [Create Timesheet] 3. Tại Project Name gõ 'PRJ_A' và chọn 'PRJ_Alpha' từ danh sách gợi ý 4. Chọn Activity = 'Development' 5. Nhập '8@#' vào cột Mon 6. Click nút [Save] | D41: 6. Hiển thị lỗi định dạng giờ tại ô; không lưu | E41: Đăng nhập với role ESS | F41: Untested
A42: =IF(OR(B42<>"",D42<>""),$B$2&"_"&TEXT(ROW()-8,"00"),"") -> TIME_CreateTimesheet_34 | B42: Kiểm tra 2 hàng trùng cặp Project + Activity | C42: Pre-condition: + Đăng nhập bằng tài khoản ESS 'ess_test' (liên kết nhân viên 'Test Employee') + Đã có dữ liệu dự án (Time > Project Info): Customer 'CUS_Test'; Project 'PRJ_Alpha' (Activity: 'Development', 'Testing'); Project 'PRJ_Beta' (Activity: 'Support') + 'Test Employee' chưa có timesheet ở kỳ (tuần) hiện tại Step: 1. Chọn menu Time > Timesheets > My Timesheets 2. Click nút [Create Timesheet] 3. Tại Project Name gõ 'PRJ_A' và chọn 'PRJ_Alpha' từ danh sách gợi ý 4. Chọn Activity = 'Development' 5. Nhập '04:00' vào cột Mon 6. Click [Add Row] 7. Tại Project Name gõ 'PRJ_A' và chọn 'PRJ_Alpha' từ danh sách gợi ý 8. Chọn Activity = 'Development' 9. Nhập '04:00' vào cột Tue 10. Click nút [Save] | D42: 10. Hiển thị lỗi trùng dữ liệu (ví dụ: 'Duplicate Records Found'); không lưu | E42: Đăng nhập với role ESS | F42: Untested | H42: Cần đối chiếu hành vi/thông báo thực tế trên OrangeHRM 5.x khi chạy test
A43: =IF(OR(B43<>"",D43<>""),$B$2&"_"&TEXT(ROW()-8,"00"),"") -> TIME_CreateTimesheet_35 | B43: Kiểm tra lưu khi toàn bộ lưới để trống | C43: Pre-condition: + Đăng nhập bằng tài khoản ESS 'ess_test' (liên kết nhân viên 'Test Employee') + Đã có dữ liệu dự án (Time > Project Info): Customer 'CUS_Test'; Project 'PRJ_Alpha' (Activity: 'Development', 'Testing'); Project 'PRJ_Beta' (Activity: 'Support') + 'Test Employee' chưa có timesheet ở kỳ (tuần) hiện tại Step: 1. Chọn menu Time > Timesheets > My Timesheets 2. Click nút [Create Timesheet] 3. Click nút [Save] | D43: 3. Hiển thị lỗi 'Required' tại hàng chưa nhập; không tạo timesheet | E43: Đăng nhập với role ESS | F43: Untested | H43: Cần đối chiếu hành vi/thông báo thực tế trên OrangeHRM 5.x khi chạy test
A44: =IF(OR(B44<>"",D44<>""),$B$2&"_"&TEXT(ROW()-8,"00"),"") -> TIME_CreateTimesheet_36 | B44: Kiểm tra kỳ đã có timesheet thì không cho tạo trùng | C44: Pre-condition: + Đăng nhập bằng tài khoản ESS 'ess_test' (liên kết nhân viên 'Test Employee') + Đã tạo timesheet cho kỳ hiện tại (đã chạy xong test case phụ thuộc) Step: 1. Chọn menu Time > Timesheets > My Timesheets | D44: 1. Kỳ hiện tại đã có timesheet: không hiển thị nút [Create Timesheet]; hiển thị nút [Edit]/[Submit] | E44: TIME_CreateTimesheet_04 | F44: Untested
A45: =IF(OR(B45<>"",D45<>""),$B$2&"_"&TEXT(ROW()-8,"00"),"") -> TIME_CreateTimesheet_37 | B45: Kiểm tra dữ liệu vẫn được giữ sau khi đăng xuất và đăng nhập lại | C45: Pre-condition: + Đăng nhập bằng tài khoản ESS 'ess_test' (liên kết nhân viên 'Test Employee') + Đã tạo timesheet cho kỳ hiện tại Step: 1. Đăng xuất 2. Đăng nhập lại bằng 'ess_test' 3. Chọn menu Time > Timesheets > My Timesheets | D45: 3. Timesheet đã tạo vẫn hiển thị đúng dữ liệu giờ và trạng thái 'Not Submitted' | E45: TIME_CreateTimesheet_04 | F45: Untested
A46: =IF(OR(B46<>"",D46<>""),$B$2&"_"&TEXT(ROW()-8,"00"),"") -> TIME_CreateTimesheet_38 | B46: Kiểm tra nhấn đúp [Save] liên tiếp | C46: Pre-condition: + Đăng nhập bằng tài khoản ESS 'ess_test' (liên kết nhân viên 'Test Employee') + Đã có dữ liệu dự án (Time > Project Info): Customer 'CUS_Test'; Project 'PRJ_Alpha' (Activity: 'Development', 'Testing'); Project 'PRJ_Beta' (Activity: 'Support') + 'Test Employee' chưa có timesheet ở kỳ (tuần) hiện tại Step: 1. Chọn menu Time > Timesheets > My Timesheets 2. Click nút [Create Timesheet] 3. Tại Project Name gõ 'PRJ_A' và chọn 'PRJ_Alpha' từ danh sách gợi ý 4. Chọn Activity = 'Development' 5. Nhập '08:00' vào cột Mon 6. Double-click nút [Save] | D46: 6. Chỉ tạo 1 timesheet; không phát sinh timesheet/hàng trùng; không báo lỗi hệ thống | E46: Đăng nhập với role ESS | F46: Untested
A47: =IF(OR(B47<>"",D47<>""),$B$2&"_"&TEXT(ROW()-8,"00"),"") -> TIME_CreateTimesheet_39 | B47: Kiểm tra XSS trong comment: <script>alert('xss')</script> | C47: Pre-condition: + Đăng nhập bằng tài khoản ESS 'ess_test' (liên kết nhân viên 'Test Employee') + Đã có dữ liệu dự án (Time > Project Info): Customer 'CUS_Test'; Project 'PRJ_Alpha' (Activity: 'Development', 'Testing'); Project 'PRJ_Beta' (Activity: 'Support') + 'Test Employee' chưa có timesheet ở kỳ (tuần) hiện tại Step: 1. Chọn menu Time > Timesheets > My Timesheets 2. Click nút [Create Timesheet] 3. Tại Project Name gõ 'PRJ_A' và chọn 'PRJ_Alpha' từ danh sách gợi ý 4. Chọn Activity = 'Development' 5. Nhập '08:00' vào cột Mon 6. Nhập comment <script>alert('xss')</script> cho ô Mon 7. Click nút [Save] 8. Mở lại comment vừa lưu | D47: 8. Script không được thực thi (không hiện alert); nội dung hiển thị dạng văn bản hoặc bị lọc | E47: Đăng nhập với role ESS | F47: Untested
A48: =IF(OR(B48<>"",D48<>""),$B$2&"_"&TEXT(ROW()-8,"00"),"") -> TIME_CreateTimesheet_40 | B48: Kiểm tra SQL Injection tại ô Project Name: ' OR '1'='1 | C48: Pre-condition: + Đăng nhập bằng tài khoản ESS 'ess_test' (liên kết nhân viên 'Test Employee') + Đã có dữ liệu dự án (Time > Project Info): Customer 'CUS_Test'; Project 'PRJ_Alpha' (Activity: 'Development', 'Testing'); Project 'PRJ_Beta' (Activity: 'Support') + 'Test Employee' chưa có timesheet ở kỳ (tuần) hiện tại Step: 1. Chọn menu Time > Timesheets > My Timesheets 2. Click nút [Create Timesheet] 3. Gõ ' OR '1'='1 vào Project Name 4. Click nút [Save] | D48: 4. Không hiển thị lỗi hệ thống/SQL; không lộ dữ liệu; hiển thị 'No Records Found' / 'Invalid' | E48: Đăng nhập với role ESS | F48: Untested
A49: =IF(OR(B49<>"",D49<>""),$B$2&"_"&TEXT(ROW()-8,"00"),"") -> TIME_CreateTimesheet_41 | B49: Kiểm tra hết phiên đăng nhập (session timeout) khi đang lưu timesheet | C49: Pre-condition: + Đăng nhập bằng tài khoản ESS 'ess_test' (liên kết nhân viên 'Test Employee') + Đã có dữ liệu dự án (Time > Project Info): Customer 'CUS_Test'; Project 'PRJ_Alpha' (Activity: 'Development', 'Testing'); Project 'PRJ_Beta' (Activity: 'Support') + 'Test Employee' chưa có timesheet ở kỳ (tuần) hiện tại Step: 1. Chọn menu Time > Timesheets > My Timesheets 2. Click nút [Create Timesheet] 3. Tại Project Name gõ 'PRJ_A' và chọn 'PRJ_Alpha' từ danh sách gợi ý 4. Chọn Activity = 'Development' 5. Nhập '08:00' vào cột Mon 6. Xóa cookie phiên / chờ hết phiên (hoặc đăng xuất ở tab khác) 7. Click nút [Save] | D49: 7. Hệ thống chuyển về trang đăng nhập; timesheet không được tạo; không hiển thị lỗi hệ thống | E49: Đăng nhập với role ESS | F49: Untested
A50: =IF(OR(B50<>"",D50<>""),$B$2&"_"&TEXT(ROW()-8,"00"),"") -> TIME_CreateTimesheet_42 | B50: Kiểm tra truy cập trang Create Timesheet khi chưa đăng nhập | C50: Pre-condition: + Chưa đăng nhập; biết URL trang My Timesheets (sao chép khi đã đăng nhập ở trình duyệt khác) Step: 1. Mở trình duyệt mới (chưa đăng nhập), truy cập trực tiếp URL trang My Timesheets | D50: 1. Hệ thống chuyển hướng về trang Login; không hiển thị dữ liệu timesheet | F50: Untested

Sheet F08_TraCuuTimesheet
A2: Module Code | B2: TIME_SearchTimesheet | J2: Passed
A3: Test requirement | B3: F08. Tra cứu timesheet | J3: Failed
A4: Tester | B4: =Cover!G4 -> Nguyễn Thị Hồng Châu | J4: Blocked
A5: Passed | B5: Failed | C5: Untested | D5: Blocked | E5: Skipped | F5: Number of Test cases | J5: Untested
A6: =COUNTIF(F9:F77,"Passed") -> 0 | B6: =COUNTIF(F9:F77,"Failed") -> 0 | C6: =F6-E6-D6-B6-A6 -> 29 | D6: =COUNTIF(F9:F77,"Blocked") -> 0 | E6: =COUNTIF(F9:F77,"Skipped") -> 0 | F6: =COUNTA(A9:A77) -> 29 | J6: Skipped
A8: ID | B8: Test Case Description | C8: Test Case Procedure | D8: Expected Output | E8: Inter-test case Dependence | F8: Result | G8: Test date | H8: Note
A9: =IF(OR(B9<>"",D9<>""),$B$2&"_"&TEXT(ROW()-8,"00"),"") -> TIME_SearchTimesheet_01 | B9: Kiểm tra truy cập My Timesheets hiển thị timesheet kỳ hiện tại của chính nhân viên | C9: Pre-condition: + Đăng nhập bằng tài khoản ESS 'ess_test' (liên kết nhân viên 'Test Employee') + 'Test Employee' có timesheet kỳ hiện tại trạng thái 'Submitted' (PRJ_Alpha / Development, Mon–Fri 08:00) Step: 1. Chọn menu Time > Timesheets > My Timesheets | D9: 1. Trang My Timesheets hiển thị kỳ hiện tại, trạng thái và dữ liệu giờ của chính nhân viên đang đăng nhập | E9: Đăng nhập với role ESS | F9: Untested
A10: =IF(OR(B10<>"",D10<>""),$B$2&"_"&TEXT(ROW()-8,"00"),"") -> TIME_SearchTimesheet_02 | B10: Kiểm tra layout màn hình My Timesheets | C10: Pre-condition: + Đăng nhập bằng tài khoản ESS 'ess_test' (liên kết nhân viên 'Test Employee') + 'Test Employee' có timesheet kỳ hiện tại trạng thái 'Submitted' (PRJ_Alpha / Development, Mon–Fri 08:00) Step: 1. Chọn menu Time > Timesheets > My Timesheets | D10: 1. Hiển thị: kỳ timesheet và nút điều hướng kỳ trước/sau, trạng thái, bảng Project/Activity/7 ngày/Total, các nút thao tác theo trạng thái; căn chỉnh và nhãn đúng | E10: Đăng nhập với role ESS | F10: Untested | H10: Cần đối chiếu hành vi/thông báo thực tế trên OrangeHRM 5.x khi chạy test
A11: =IF(OR(B11<>"",D11<>""),$B$2&"_"&TEXT(ROW()-8,"00"),"") -> TIME_SearchTimesheet_03 | B11: Kiểm tra truy cập Employee Timesheets bằng tài khoản Admin | C11: Pre-condition: + Đăng nhập bằng tài khoản Admin (Admin / admin123) + 'Test Employee' có timesheet kỳ hiện tại trạng thái 'Submitted': PRJ_Alpha / Development, Mon–Fri mỗi ngày 08:00 (tổng 40:00) + 'Test Employee2' chưa có timesheet nào Step: 1. Chọn menu Time > Timesheets > Employee Timesheets | D11: 1. Màn hình Employee Timesheets hiển thị ô Employee Name (có gợi ý), nút [View] và danh sách timesheet chờ xử lý (nếu có) | E11: Đăng nhập với role Admin | F11: Untested
A12: =IF(OR(B12<>"",D12<>""),$B$2&"_"&TEXT(ROW()-8,"00"),"") -> TIME_SearchTimesheet_04 | B12: Kiểm tra layout màn hình Employee Timesheets | C12: Pre-condition: + Đăng nhập bằng tài khoản Admin (Admin / admin123) + 'Test Employee' có timesheet kỳ hiện tại trạng thái 'Submitted': PRJ_Alpha / Development, Mon–Fri mỗi ngày 08:00 (tổng 40:00) + 'Test Employee2' chưa có timesheet nào Step: 1. Chọn menu Time > Timesheets > Employee Timesheets | D12: 1. Nhãn, placeholder 'Type for hints...', nút [View] hiển thị đúng; căn chỉnh không bị vỡ | E12: Đăng nhập với role Admin | F12: Untested | H12: Cần đối chiếu hành vi/thông báo thực tế trên OrangeHRM 5.x khi chạy test
A13: =IF(OR(B13<>"",D13<>""),$B$2&"_"&TEXT(ROW()-8,"00"),"") -> TIME_SearchTimesheet_05 | B13: Kiểm tra danh sách timesheet chờ xử lý (Pending Action) hiển thị đúng | C13: Pre-condition: + Đăng nhập bằng tài khoản Admin (Admin / admin123) + 'Test Employee' có timesheet kỳ hiện tại trạng thái 'Submitted': PRJ_Alpha / Development, Mon–Fri mỗi ngày 08:00 (tổng 40:00) + 'Test Employee2' chưa có timesheet nào Step: 1. Chọn menu Time > Timesheets > Employee Timesheets | D13: 1. Danh sách có timesheet 'Test Employee' kỳ hiện tại (trạng thái Submitted) với tên nhân viên, kỳ, nút [View] | E13: Đăng nhập với role Admin | F13: Untested
A14: =IF(OR(B14<>"",D14<>""),$B$2&"_"&TEXT(ROW()-8,"00"),"") -> TIME_SearchTimesheet_06 | B14: Kiểm tra tìm theo tên nhân viên đầy đủ, chọn từ gợi ý rồi click [View] | C14: Pre-condition: + Đăng nhập bằng tài khoản Admin (Admin / admin123) + 'Test Employee' có timesheet kỳ hiện tại trạng thái 'Submitted': PRJ_Alpha / Development, Mon–Fri mỗi ngày 08:00 (tổng 40:00) + 'Test Employee2' chưa có timesheet nào Step: 1. Chọn menu Time > Timesheets > Employee Timesheets 2. Gõ 'Test Employee' vào Employee Name, chọn từ danh sách gợi ý 3. Click [View] | D14: 3. Hiển thị timesheet của 'Test Employee' (kỳ hiện tại, trạng thái Submitted, 5 ngày × 08:00, tổng 40:00) | E14: Đăng nhập với role Admin | F14: Untested
A15: =IF(OR(B15<>"",D15<>""),$B$2&"_"&TEXT(ROW()-8,"00"),"") -> TIME_SearchTimesheet_07 | B15: Kiểm tra gợi ý khi gõ một phần tên | C15: Pre-condition: + Đăng nhập bằng tài khoản Admin (Admin / admin123) + 'Test Employee' có timesheet kỳ hiện tại trạng thái 'Submitted': PRJ_Alpha / Development, Mon–Fri mỗi ngày 08:00 (tổng 40:00) + 'Test Employee2' chưa có timesheet nào Step: 1. Chọn menu Time > Timesheets > Employee Timesheets 2. Gõ 'Test' vào Employee Name | D15: 2. Danh sách gợi ý hiển thị các nhân viên có tên chứa 'Test' (gồm 'Test Employee', 'Test Employee2') | E15: Đăng nhập với role Admin | F15: Untested
A16: =IF(OR(B16<>"",D16<>""),$B$2&"_"&TEXT(ROW()-8,"00"),"") -> TIME_SearchTimesheet_08 | B16: Kiểm tra tìm kiếm không phân biệt chữ hoa/thường ('test employee') | C16: Pre-condition: + Đăng nhập bằng tài khoản Admin (Admin / admin123) + 'Test Employee' có timesheet kỳ hiện tại trạng thái 'Submitted': PRJ_Alpha / Development, Mon–Fri mỗi ngày 08:00 (tổng 40:00) + 'Test Employee2' chưa có timesheet nào Step: 1. Chọn menu Time > Timesheets > Employee Timesheets 2. Gõ 'test employee' (chữ thường), chọn từ gợi ý 3. Click [View] | D16: 3. Gợi ý vẫn hiển thị 'Test Employee'; [View] hiển thị đúng timesheet | E16: Đăng nhập với role Admin | F16: Untested
A17: =IF(OR(B17<>"",D17<>""),$B$2&"_"&TEXT(ROW()-8,"00"),"") -> TIME_SearchTimesheet_09 | B17: Kiểm tra tên có khoảng trắng ở đầu/cuối (' Test Employee ') | C17: Pre-condition: + Đăng nhập bằng tài khoản Admin (Admin / admin123) + 'Test Employee' có timesheet kỳ hiện tại trạng thái 'Submitted': PRJ_Alpha / Development, Mon–Fri mỗi ngày 08:00 (tổng 40:00) + 'Test Employee2' chưa có timesheet nào Step: 1. Chọn menu Time > Timesheets > Employee Timesheets 2. Gõ ' Test Employee ', chọn từ gợi ý (nếu có) 3. Click [View] | D17: 3. Hệ thống bỏ qua khoảng trắng thừa và hiển thị đúng timesheet, hoặc không báo lỗi hệ thống | E17: Đăng nhập với role Admin | F17: Untested | H17: Cần đối chiếu hành vi/thông báo thực tế trên OrangeHRM 5.x khi chạy test
A18: =IF(OR(B18<>"",D18<>""),$B$2&"_"&TEXT(ROW()-8,"00"),"") -> TIME_SearchTimesheet_10 | B18: Kiểm tra xem timesheet từ danh sách Pending Action | C18: Pre-condition: + Đăng nhập bằng tài khoản Admin (Admin / admin123) + 'Test Employee' có timesheet kỳ hiện tại trạng thái 'Submitted': PRJ_Alpha / Development, Mon–Fri mỗi ngày 08:00 (tổng 40:00) + 'Test Employee2' chưa có timesheet nào Step: 1. Chọn menu Time > Timesheets > Employee Timesheets 2. Tại danh sách Pending Action, click [View] của 'Test Employee' | D18: 2. Hiển thị chi tiết timesheet 'Test Employee', có thông tin kỳ, trạng thái, dữ liệu giờ | E18: Đăng nhập với role Admin | F18: Untested
A19: =IF(OR(B19<>"",D19<>""),$B$2&"_"&TEXT(ROW()-8,"00"),"") -> TIME_SearchTimesheet_11 | B19: Kiểm tra dữ liệu chi tiết timesheet khớp với dữ liệu đã nhập | C19: Pre-condition: + Đăng nhập bằng tài khoản Admin (Admin / admin123) + 'Test Employee' có timesheet kỳ hiện tại trạng thái 'Submitted': PRJ_Alpha / Development, Mon–Fri mỗi ngày 08:00 (tổng 40:00) + 'Test Employee2' chưa có timesheet nào Step: 1. Chọn menu Time > Timesheets > Employee Timesheets 2. Tìm và [View] timesheet của 'Test Employee' 3. Đối chiếu Project, Activity, giờ từng ngày, comment với dữ liệu gốc | D19: 3. Dữ liệu hiển thị hoàn toàn khớp dữ liệu đã nhập (Project, Activity, giờ, comment) | E19: TIME_SearchTimesheet_06 | F19: Untested
A20: =IF(OR(B20<>"",D20<>""),$B$2&"_"&TEXT(ROW()-8,"00"),"") -> TIME_SearchTimesheet_12 | B20: Kiểm tra tổng giờ theo ngày và tổng giờ cả tuần tính đúng | C20: Pre-condition: + Đăng nhập bằng tài khoản Admin (Admin / admin123) + 'Test Employee' có timesheet kỳ hiện tại trạng thái 'Submitted': PRJ_Alpha / Development, Mon–Fri mỗi ngày 08:00 (tổng 40:00) + 'Test Employee2' chưa có timesheet nào Step: 1. Chọn menu Time > Timesheets > Employee Timesheets 2. Tìm và [View] timesheet của 'Test Employee' | D20: 2. Total theo từng ngày = 08:00 (Mon–Fri), 00:00 (Sat, Sun); tổng tuần = 40:00 | E20: TIME_SearchTimesheet_06 | F20: Untested
A21: =IF(OR(B21<>"",D21<>""),$B$2&"_"&TEXT(ROW()-8,"00"),"") -> TIME_SearchTimesheet_13 | B21: Kiểm tra nhân viên chỉ xem được timesheet của chính mình ở My Timesheets | C21: Pre-condition: + Đăng nhập bằng tài khoản ESS 'ess_test' (liên kết nhân viên 'Test Employee') + 'Test Employee' có timesheet kỳ hiện tại trạng thái 'Submitted' (PRJ_Alpha / Development, Mon–Fri 08:00) Step: 1. Chọn menu Time > Timesheets > My Timesheets | D21: 1. Chỉ hiển thị timesheet của 'Test Employee'; không có dữ liệu của nhân viên khác | E21: Đăng nhập với role ESS | F21: Untested
A22: =IF(OR(B22<>"",D22<>""),$B$2&"_"&TEXT(ROW()-8,"00"),"") -> TIME_SearchTimesheet_14 | B22: Kiểm tra điều hướng sang kỳ (tuần) liền trước | C22: Pre-condition: + Đăng nhập bằng tài khoản ESS 'ess_test' (liên kết nhân viên 'Test Employee') + 'Test Employee' có timesheet kỳ hiện tại trạng thái 'Submitted' (PRJ_Alpha / Development, Mon–Fri 08:00) Step: 1. Chọn menu Time > Timesheets > My Timesheets 2. Click nút mũi tên kỳ trước | D22: 2. Hiển thị kỳ liền trước (lùi đúng 7 ngày), dữ liệu/trạng thái đúng với kỳ đó | E22: Đăng nhập với role ESS | F22: Untested
A23: =IF(OR(B23<>"",D23<>""),$B$2&"_"&TEXT(ROW()-8,"00"),"") -> TIME_SearchTimesheet_15 | B23: Kiểm tra điều hướng sang kỳ (tuần) liền sau | C23: Pre-condition: + Đăng nhập bằng tài khoản ESS 'ess_test' (liên kết nhân viên 'Test Employee') + 'Test Employee' có timesheet kỳ hiện tại trạng thái 'Submitted' (PRJ_Alpha / Development, Mon–Fri 08:00) Step: 1. Chọn menu Time > Timesheets > My Timesheets 2. Click nút mũi tên kỳ sau | D23: 2. Hiển thị kỳ liền sau (tiến đúng 7 ngày) hoặc chặn/disable nếu kỳ tương lai chưa cho tạo | E23: Đăng nhập với role ESS | F23: Untested | H23: Cần đối chiếu hành vi/thông báo thực tế trên OrangeHRM 5.x khi chạy test
A24: =IF(OR(B24<>"",D24<>""),$B$2&"_"&TEXT(ROW()-8,"00"),"") -> TIME_SearchTimesheet_16 | B24: Kiểm tra kỳ giao giữa hai năm (tuần chứa 31/12 và 01/01) | C24: Pre-condition: + Đăng nhập bằng tài khoản ESS 'ess_test' (liên kết nhân viên 'Test Employee') Step: 1. Chọn menu Time > Timesheets > My Timesheets 2. Điều hướng đến kỳ chứa ngày 31/12 và 01/01 (ví dụ 28/12 – 03/01) | D24: 2. Kỳ hiển thị đúng 7 ngày liên tục qua ranh giới năm; ngày/thứ không bị lệch | E24: Đăng nhập với role ESS | F24: Untested
A25: =IF(OR(B25<>"",D25<>""),$B$2&"_"&TEXT(ROW()-8,"00"),"") -> TIME_SearchTimesheet_17 | B25: Kiểm tra kỳ rất xa trong quá khứ (chưa có timesheet) | C25: Pre-condition: + Đăng nhập bằng tài khoản ESS 'ess_test' (liên kết nhân viên 'Test Employee') Step: 1. Chọn menu Time > Timesheets > My Timesheets 2. Click kỳ trước liên tiếp nhiều lần (khoảng 52 lần ≈ 1 năm) | D25: 2. Hệ thống không lỗi; kỳ không có timesheet hiển thị trạng thái trống / thông báo không có dữ liệu | E25: Đăng nhập với role ESS | F25: Untested | H25: Cần đối chiếu hành vi/thông báo thực tế trên OrangeHRM 5.x khi chạy test
A26: =IF(OR(B26<>"",D26<>""),$B$2&"_"&TEXT(ROW()-8,"00"),"") -> TIME_SearchTimesheet_18 | B26: Kiểm tra nhập 1 ký tự vào Employee Name (độ dài tối thiểu) | C26: Pre-condition: + Đăng nhập bằng tài khoản Admin (Admin / admin123) + 'Test Employee' có timesheet kỳ hiện tại trạng thái 'Submitted': PRJ_Alpha / Development, Mon–Fri mỗi ngày 08:00 (tổng 40:00) + 'Test Employee2' chưa có timesheet nào Step: 1. Chọn menu Time > Timesheets > Employee Timesheets 2. Gõ 'T' vào Employee Name | D26: 2. Danh sách gợi ý hiển thị các nhân viên phù hợp hoặc 'No Records Found'; không lỗi hệ thống | E26: Đăng nhập với role Admin | F26: Untested
A27: =IF(OR(B27<>"",D27<>""),$B$2&"_"&TEXT(ROW()-8,"00"),"") -> TIME_SearchTimesheet_19 | B27: Kiểm tra nhập chuỗi rất dài (≥ 100 ký tự) vào Employee Name | C27: Pre-condition: + Đăng nhập bằng tài khoản Admin (Admin / admin123) + 'Test Employee' có timesheet kỳ hiện tại trạng thái 'Submitted': PRJ_Alpha / Development, Mon–Fri mỗi ngày 08:00 (tổng 40:00) + 'Test Employee2' chưa có timesheet nào Step: 1. Chọn menu Time > Timesheets > Employee Timesheets 2. Gõ chuỗi 100+ ký tự 'a' vào Employee Name 3. Click [View] | D27: 3. Không có gợi ý ('No Records Found'); [View] báo 'Invalid'/giới hạn độ dài; hệ thống không bị lỗi | E27: Đăng nhập với role Admin | F27: Untested | H27: Cần đối chiếu hành vi/thông báo thực tế trên OrangeHRM 5.x khi chạy test
A28: =IF(OR(B28<>"",D28<>""),$B$2&"_"&TEXT(ROW()-8,"00"),"") -> TIME_SearchTimesheet_20 | B28: Kiểm tra click [View] khi để trống Employee Name | C28: Pre-condition: + Đăng nhập bằng tài khoản Admin (Admin / admin123) + 'Test Employee' có timesheet kỳ hiện tại trạng thái 'Submitted': PRJ_Alpha / Development, Mon–Fri mỗi ngày 08:00 (tổng 40:00) + 'Test Employee2' chưa có timesheet nào Step: 1. Chọn menu Time > Timesheets > Employee Timesheets 2. Để trống Employee Name 3. Click [View] | D28: 3. Hiển thị lỗi 'Required' tại Employee Name; không chuyển trang | E28: Đăng nhập với role Admin | F28: Untested
A29: =IF(OR(B29<>"",D29<>""),$B$2&"_"&TEXT(ROW()-8,"00"),"") -> TIME_SearchTimesheet_21 | B29: Kiểm tra tên nhân viên không tồn tại ('Nobody Existing') | C29: Pre-condition: + Đăng nhập bằng tài khoản Admin (Admin / admin123) + 'Test Employee' có timesheet kỳ hiện tại trạng thái 'Submitted': PRJ_Alpha / Development, Mon–Fri mỗi ngày 08:00 (tổng 40:00) + 'Test Employee2' chưa có timesheet nào Step: 1. Chọn menu Time > Timesheets > Employee Timesheets 2. Gõ 'Nobody Existing' vào Employee Name 3. Click [View] | D29: 3. Gợi ý hiển thị 'No Records Found'; click [View] báo lỗi 'Invalid'; không hiển thị timesheet | E29: Đăng nhập với role Admin | F29: Untested
A30: =IF(OR(B30<>"",D30<>""),$B$2&"_"&TEXT(ROW()-8,"00"),"") -> TIME_SearchTimesheet_22 | B30: Kiểm tra gõ đúng tên nhưng không chọn từ danh sách gợi ý | C30: Pre-condition: + Đăng nhập bằng tài khoản Admin (Admin / admin123) + 'Test Employee' có timesheet kỳ hiện tại trạng thái 'Submitted': PRJ_Alpha / Development, Mon–Fri mỗi ngày 08:00 (tổng 40:00) + 'Test Employee2' chưa có timesheet nào Step: 1. Chọn menu Time > Timesheets > Employee Timesheets 2. Gõ 'Test Employee' nhưng không click chọn gợi ý 3. Click [View] | D30: 3. Hiển thị lỗi 'Invalid' tại Employee Name; không chuyển trang | E30: Đăng nhập với role Admin | F30: Untested
A31: =IF(OR(B31<>"",D31<>""),$B$2&"_"&TEXT(ROW()-8,"00"),"") -> TIME_SearchTimesheet_23 | B31: Kiểm tra nhập ký tự đặc biệt '@#$%^&*' vào Employee Name | C31: Pre-condition: + Đăng nhập bằng tài khoản Admin (Admin / admin123) + 'Test Employee' có timesheet kỳ hiện tại trạng thái 'Submitted': PRJ_Alpha / Development, Mon–Fri mỗi ngày 08:00 (tổng 40:00) + 'Test Employee2' chưa có timesheet nào Step: 1. Chọn menu Time > Timesheets > Employee Timesheets 2. Gõ '@#$%^&*' vào Employee Name 3. Click [View] | D31: 3. 'No Records Found' / lỗi 'Invalid'; không có lỗi hệ thống | E31: Đăng nhập với role Admin | F31: Untested
A32: =IF(OR(B32<>"",D32<>""),$B$2&"_"&TEXT(ROW()-8,"00"),"") -> TIME_SearchTimesheet_24 | B32: Kiểm tra nhân viên chưa có timesheet ('Test Employee2') | C32: Pre-condition: + Đăng nhập bằng tài khoản Admin (Admin / admin123) + 'Test Employee' có timesheet kỳ hiện tại trạng thái 'Submitted': PRJ_Alpha / Development, Mon–Fri mỗi ngày 08:00 (tổng 40:00) + 'Test Employee2' chưa có timesheet nào Step: 1. Chọn menu Time > Timesheets > Employee Timesheets 2. Chọn 'Test Employee2' từ gợi ý 3. Click [View] | D32: 3. Hiển thị thông báo không có timesheet (ví dụ 'No Timesheets Found') hoặc timesheet trống; không lỗi hệ thống | E32: Đăng nhập với role Admin | F32: Untested | H32: Cần đối chiếu hành vi/thông báo thực tế trên OrangeHRM 5.x khi chạy test
A33: =IF(OR(B33<>"",D33<>""),$B$2&"_"&TEXT(ROW()-8,"00"),"") -> TIME_SearchTimesheet_25 | B33: Kiểm tra SQL Injection tại Employee Name: ' OR 1=1 -- | C33: Pre-condition: + Đăng nhập bằng tài khoản Admin (Admin / admin123) + 'Test Employee' có timesheet kỳ hiện tại trạng thái 'Submitted': PRJ_Alpha / Development, Mon–Fri mỗi ngày 08:00 (tổng 40:00) + 'Test Employee2' chưa có timesheet nào Step: 1. Chọn menu Time > Timesheets > Employee Timesheets 2. Gõ "' OR 1=1 --" vào Employee Name 3. Click [View] | D33: 3. Không lỗi SQL/hệ thống; không lộ dữ liệu; hiển thị 'No Records Found' / 'Invalid' | E33: Đăng nhập với role Admin | F33: Untested
A34: =IF(OR(B34<>"",D34<>""),$B$2&"_"&TEXT(ROW()-8,"00"),"") -> TIME_SearchTimesheet_26 | B34: Kiểm tra XSS tại Employee Name: <script>alert(1)</script> | C34: Pre-condition: + Đăng nhập bằng tài khoản Admin (Admin / admin123) + 'Test Employee' có timesheet kỳ hiện tại trạng thái 'Submitted': PRJ_Alpha / Development, Mon–Fri mỗi ngày 08:00 (tổng 40:00) + 'Test Employee2' chưa có timesheet nào Step: 1. Chọn menu Time > Timesheets > Employee Timesheets 2. Gõ <script>alert(1)</script> vào Employee Name 3. Click [View] | D34: 3. Script không được thực thi; hiển thị 'No Records Found' / 'Invalid' | E34: Đăng nhập với role Admin | F34: Untested
A35: =IF(OR(B35<>"",D35<>""),$B$2&"_"&TEXT(ROW()-8,"00"),"") -> TIME_SearchTimesheet_27 | B35: Kiểm tra ESS (không phải supervisor) không truy cập được Employee Timesheets | C35: Pre-condition: + Đăng nhập bằng tài khoản ESS 'ess_test' (liên kết nhân viên 'Test Employee') (không có cấp dưới) + 'Test Employee' có timesheet kỳ hiện tại trạng thái 'Submitted' (PRJ_Alpha / Development, Mon–Fri 08:00) Step: 1. Kiểm tra menu Time > Timesheets 2. Truy cập trực tiếp URL trang Employee Timesheets | D35: 2. Menu chỉ có 'My Timesheets' (hoặc không có Employee Timesheets); truy cập URL bị từ chối/chuyển hướng | E35: Đăng nhập với role ESS | F35: Untested | H35: Cần đối chiếu hành vi/thông báo thực tế trên OrangeHRM 5.x khi chạy test
A36: =IF(OR(B36<>"",D36<>""),$B$2&"_"&TEXT(ROW()-8,"00"),"") -> TIME_SearchTimesheet_28 | B36: Kiểm tra ESS không xem được timesheet nhân viên khác bằng cách đổi ID trên URL | C36: Pre-condition: + Đăng nhập bằng tài khoản ESS 'ess_test' (liên kết nhân viên 'Test Employee') + 'Test Employee' có timesheet kỳ hiện tại trạng thái 'Submitted' (PRJ_Alpha / Development, Mon–Fri 08:00) Step: 1. Chọn menu Time > Timesheets > My Timesheets 2. Sao chép URL, thay ID nhân viên bằng ID của nhân viên khác, truy cập URL | D36: 2. Hệ thống từ chối truy cập hoặc quay về My Timesheets; không hiển thị dữ liệu của nhân viên khác | E36: Đăng nhập với role ESS | F36: Untested | H36: Cần đối chiếu hành vi/thông báo thực tế trên OrangeHRM 5.x khi chạy test
A37: =IF(OR(B37<>"",D37<>""),$B$2&"_"&TEXT(ROW()-8,"00"),"") -> TIME_SearchTimesheet_29 | B37: Kiểm tra truy cập trang Employee Timesheets khi chưa đăng nhập | C37: Pre-condition: + Chưa đăng nhập; biết URL trang Employee Timesheets Step: 1. Mở trình duyệt mới (chưa đăng nhập), truy cập trực tiếp URL Employee Timesheets | D37: 1. Chuyển hướng về trang Login; không hiển thị dữ liệu | F37: Untested

Sheet F09_GuiVaXuLy
A2: Module Code | B2: TIME_SubmitProcess | J2: Passed
A3: Test requirement | B3: F09. Gửi và xử lý timesheet | J3: Failed
A4: Tester | B4: =Cover!G4 -> Nguyễn Thị Hồng Châu | J4: Blocked
A5: Passed | B5: Failed | C5: Untested | D5: Blocked | E5: Skipped | F5: Number of Test cases | J5: Untested
A6: =COUNTIF(F9:F84,"Passed") -> 0 | B6: =COUNTIF(F9:F84,"Failed") -> 0 | C6: =F6-E6-D6-B6-A6 -> 36 | D6: =COUNTIF(F9:F84,"Blocked") -> 0 | E6: =COUNTIF(F9:F84,"Skipped") -> 0 | F6: =COUNTA(A9:A84) -> 36 | J6: Skipped
A8: ID | B8: Test Case Description | C8: Test Case Procedure | D8: Expected Output | E8: Inter-test case Dependence | F8: Result | G8: Test date | H8: Note
A9: =IF(OR(B9<>"",D9<>""),$B$2&"_"&TEXT(ROW()-8,"00"),"") -> TIME_SubmitProcess_01 | B9: Kiểm tra gửi timesheet trạng thái 'Not Submitted' có dữ liệu hợp lệ | C9: Pre-condition: + Đăng nhập bằng tài khoản ESS 'ess_test' (liên kết nhân viên 'Test Employee') + 'Test Employee' có timesheet kỳ hiện tại trạng thái 'Not Submitted': PRJ_Alpha / Development, Thứ Hai–Thứ Sáu mỗi ngày 08:00 (tổng 40:00) Step: 1. Chọn menu Time > Timesheets > My Timesheets 2. Click nút [Submit] | D9: 2. Hiển thị thông báo thành công; trạng thái chuyển sang 'Submitted' | E9: Đăng nhập với role ESS | F9: Untested
A10: =IF(OR(B10<>"",D10<>""),$B$2&"_"&TEXT(ROW()-8,"00"),"") -> TIME_SubmitProcess_02 | B10: Kiểm tra sau khi Submit, nhân viên không còn sửa được timesheet | C10: Pre-condition: + Đăng nhập bằng tài khoản ESS 'ess_test' (liên kết nhân viên 'Test Employee') + 'Test Employee' có timesheet kỳ hiện tại trạng thái 'Submitted' (PRJ_Alpha / Development, Mon–Fri 08:00) Step: 1. Chọn menu Time > Timesheets > My Timesheets | D10: 1. Nút [Edit]/[Submit] bị ẩn hoặc vô hiệu hóa; không thể sửa dữ liệu giờ | E10: TIME_SubmitProcess_01 | F10: Untested
A11: =IF(OR(B11<>"",D11<>""),$B$2&"_"&TEXT(ROW()-8,"00"),"") -> TIME_SubmitProcess_03 | B11: Kiểm tra lịch sử thao tác (Actions Performed) ghi nhận lần Submit | C11: Pre-condition: + Đăng nhập bằng tài khoản ESS 'ess_test' (liên kết nhân viên 'Test Employee') + 'Test Employee' có timesheet kỳ hiện tại trạng thái 'Submitted' (PRJ_Alpha / Development, Mon–Fri 08:00) Step: 1. Chọn menu Time > Timesheets > My Timesheets 2. Xem phần lịch sử thao tác của timesheet | D11: 2. Có dòng 'Submitted' với đúng người thực hiện ('Test Employee'), ngày thực hiện đúng | E11: TIME_SubmitProcess_01 | F11: Untested | H11: Cần đối chiếu hành vi/thông báo thực tế trên OrangeHRM 5.x khi chạy test
A12: =IF(OR(B12<>"",D12<>""),$B$2&"_"&TEXT(ROW()-8,"00"),"") -> TIME_SubmitProcess_04 | B12: Kiểm tra gửi timesheet có nhiều hàng Project/Activity | C12: Pre-condition: + Đăng nhập bằng tài khoản ESS 'ess_test' (liên kết nhân viên 'Test Employee') + 'Test Employee' có timesheet 'Not Submitted' gồm 2 hàng: PRJ_Alpha/Development 04:00 Mon, PRJ_Beta/Support 04:00 Mon Step: 1. Chọn menu Time > Timesheets > My Timesheets 2. Kiểm tra timesheet có 2 hàng (PRJ_Alpha/Development 04:00 Mon; PRJ_Beta/Support 04:00 Mon) 3. Click [Submit] | D12: 3. Submit thành công; timesheet 'Submitted' giữ nguyên toàn bộ 2 hàng và dữ liệu giờ | E12: Đăng nhập với role ESS | F12: Untested
A13: =IF(OR(B13<>"",D13<>""),$B$2&"_"&TEXT(ROW()-8,"00"),"") -> TIME_SubmitProcess_05 | B13: Kiểm tra gửi timesheet của kỳ trong quá khứ | C13: Pre-condition: + Đăng nhập bằng tài khoản ESS 'ess_test' (liên kết nhân viên 'Test Employee') + 'Test Employee' có timesheet 'Not Submitted' ở kỳ liền trước Step: 1. Chọn menu Time > Timesheets > My Timesheets 2. Điều hướng đến kỳ trước có timesheet 'Not Submitted' 3. Click [Submit] | D13: 3. Submit thành công (hoặc hệ thống từ chối theo quy định), không có lỗi hệ thống | E13: Đăng nhập với role ESS | F13: Untested | H13: Cần đối chiếu hành vi/thông báo thực tế trên OrangeHRM 5.x khi chạy test
A14: =IF(OR(B14<>"",D14<>""),$B$2&"_"&TEXT(ROW()-8,"00"),"") -> TIME_SubmitProcess_06 | B14: Kiểm tra gửi timesheet có tổng giờ lớn nhất hợp lệ (7 ngày × 23:59) | C14: Pre-condition: + Đăng nhập bằng tài khoản ESS 'ess_test' (liên kết nhân viên 'Test Employee') + 'Test Employee' có timesheet 'Not Submitted' với 7 ngày, mỗi ngày 23:59 Step: 1. Chọn menu Time > Timesheets > My Timesheets 2. Click [Submit] | D14: 2. Submit thành công; tổng giờ hiển thị đúng 167:53 (7 × 23:59) | E14: Đăng nhập với role ESS | F14: Untested
A15: =IF(OR(B15<>"",D15<>""),$B$2&"_"&TEXT(ROW()-8,"00"),"") -> TIME_SubmitProcess_07 | B15: Kiểm tra gửi timesheet có tổng giờ = 00:00 (hàng có Project nhưng toàn bộ giờ = 0) | C15: Pre-condition: + Đăng nhập bằng tài khoản ESS 'ess_test' (liên kết nhân viên 'Test Employee') + 'Test Employee' có timesheet 'Not Submitted' với 1 hàng, mọi giờ = 00:00 Step: 1. Chọn menu Time > Timesheets > My Timesheets 2. Click [Submit] | D15: 2. Hệ thống cho phép gửi hoặc hiển thị cảnh báo; không lỗi hệ thống | E15: Đăng nhập với role ESS | F15: Untested | H15: Cần đối chiếu hành vi/thông báo thực tế trên OrangeHRM 5.x khi chạy test
A16: =IF(OR(B16<>"",D16<>""),$B$2&"_"&TEXT(ROW()-8,"00"),"") -> TIME_SubmitProcess_08 | B16: Kiểm tra gửi timesheet có đúng 1 ô giờ nhỏ nhất (00:01) | C16: Pre-condition: + Đăng nhập bằng tài khoản ESS 'ess_test' (liên kết nhân viên 'Test Employee') + 'Test Employee' có timesheet 'Not Submitted' với 1 ô giờ 00:01 Step: 1. Chọn menu Time > Timesheets > My Timesheets 2. Click [Submit] | D16: 2. Submit thành công; trạng thái 'Submitted'; tổng giờ = 00:01 | E16: Đăng nhập với role ESS | F16: Untested
A17: =IF(OR(B17<>"",D17<>""),$B$2&"_"&TEXT(ROW()-8,"00"),"") -> TIME_SubmitProcess_09 | B17: Kiểm tra gửi timesheet chưa có dữ liệu giờ (trống) | C17: Pre-condition: + Đăng nhập bằng tài khoản ESS 'ess_test' (liên kết nhân viên 'Test Employee') + 'Test Employee' có timesheet 'Not Submitted' nhưng chưa có dữ liệu giờ Step: 1. Chọn menu Time > Timesheets > My Timesheets 2. Thử click [Submit] (nếu nút khả dụng) | D17: 2. Hệ thống không cho gửi (nút bị vô hiệu hóa) hoặc báo lỗi; trạng thái vẫn 'Not Submitted' | E17: Đăng nhập với role ESS | F17: Untested | H17: Cần đối chiếu hành vi/thông báo thực tế trên OrangeHRM 5.x khi chạy test
A18: =IF(OR(B18<>"",D18<>""),$B$2&"_"&TEXT(ROW()-8,"00"),"") -> TIME_SubmitProcess_10 | B18: Kiểm tra gửi lại timesheet đã 'Submitted' (nhấn Back/F5 rồi Submit) | C18: Pre-condition: + Đăng nhập bằng tài khoản ESS 'ess_test' (liên kết nhân viên 'Test Employee') + 'Test Employee' có timesheet kỳ hiện tại trạng thái 'Submitted' (PRJ_Alpha / Development, Mon–Fri 08:00) Step: 1. Chọn menu Time > Timesheets > My Timesheets 2. Nhấn nút Back của trình duyệt về trang trước khi Submit 3. Click [Submit] lần nữa | D18: 3. Không gửi trùng; trạng thái vẫn 'Submitted'; không báo lỗi hệ thống | E18: TIME_SubmitProcess_01 | F18: Untested
A19: =IF(OR(B19<>"",D19<>""),$B$2&"_"&TEXT(ROW()-8,"00"),"") -> TIME_SubmitProcess_11 | B19: Kiểm tra nhấn đúp nút [Submit] | C19: Pre-condition: + Đăng nhập bằng tài khoản ESS 'ess_test' (liên kết nhân viên 'Test Employee') + 'Test Employee' có timesheet kỳ hiện tại trạng thái 'Not Submitted': PRJ_Alpha / Development, Thứ Hai–Thứ Sáu mỗi ngày 08:00 (tổng 40:00) Step: 1. Chọn menu Time > Timesheets > My Timesheets 2. Double-click nút [Submit] | D19: 2. Chỉ ghi nhận 1 lần Submit (1 dòng lịch sử); trạng thái 'Submitted' | E19: Đăng nhập với role ESS | F19: Untested
A20: =IF(OR(B20<>"",D20<>""),$B$2&"_"&TEXT(ROW()-8,"00"),"") -> TIME_SubmitProcess_12 | B20: Kiểm tra hết phiên đăng nhập khi đang Submit | C20: Pre-condition: + Đăng nhập bằng tài khoản ESS 'ess_test' (liên kết nhân viên 'Test Employee') + 'Test Employee' có timesheet kỳ hiện tại trạng thái 'Not Submitted': PRJ_Alpha / Development, Thứ Hai–Thứ Sáu mỗi ngày 08:00 (tổng 40:00) Step: 1. Chọn menu Time > Timesheets > My Timesheets 2. Xóa cookie phiên/đăng xuất ở tab khác 3. Click [Submit] | D20: 3. Chuyển về trang Login; trạng thái timesheet vẫn 'Not Submitted' | E20: Đăng nhập với role ESS | F20: Untested
A21: =IF(OR(B21<>"",D21<>""),$B$2&"_"&TEXT(ROW()-8,"00"),"") -> TIME_SubmitProcess_13 | B21: Kiểm tra Admin phê duyệt (Approve) timesheet đã Submitted | C21: Pre-condition: + Đăng nhập bằng tài khoản Admin (Admin / admin123) + 'Test Employee' có timesheet kỳ hiện tại trạng thái 'Submitted' (PRJ_Alpha / Development, Mon–Fri 08:00) Step: 1. Chọn menu Time > Timesheets > Employee Timesheets 2. Click [View] của 'Test Employee' tại Pending Action 3. Click [Approve] | D21: 3. Hiển thị thông báo thành công; trạng thái chuyển 'Approved' | E21: Đăng nhập với role Admin | F21: Untested
A22: =IF(OR(B22<>"",D22<>""),$B$2&"_"&TEXT(ROW()-8,"00"),"") -> TIME_SubmitProcess_14 | B22: Kiểm tra Approve kèm comment hợp lệ | C22: Pre-condition: + Đăng nhập bằng tài khoản Admin (Admin / admin123) + 'Test Employee' có timesheet kỳ hiện tại trạng thái 'Submitted' (PRJ_Alpha / Development, Mon–Fri 08:00) Step: 1. Chọn menu Time > Timesheets > Employee Timesheets 2. Click [View] của 'Test Employee' 3. Nhập comment 'Đã kiểm tra, đồng ý' 4. Click [Approve] | D22: 4. Approve thành công; lịch sử thao tác hiển thị 'Approved' kèm comment | E22: Đăng nhập với role Admin | F22: Untested | H22: Cần đối chiếu hành vi/thông báo thực tế trên OrangeHRM 5.x khi chạy test
A23: =IF(OR(B23<>"",D23<>""),$B$2&"_"&TEXT(ROW()-8,"00"),"") -> TIME_SubmitProcess_15 | B23: Kiểm tra Admin từ chối (Reject) timesheet kèm lý do | C23: Pre-condition: + Đăng nhập bằng tài khoản Admin (Admin / admin123) + 'Test Employee' có timesheet kỳ hiện tại trạng thái 'Submitted' (PRJ_Alpha / Development, Mon–Fri 08:00) Step: 1. Chọn menu Time > Timesheets > Employee Timesheets 2. Click [View] của 'Test Employee' 3. Nhập comment 'Sai giờ ngày Thứ Ba' 4. Click [Reject] | D23: 4. Hiển thị thông báo thành công; trạng thái chuyển 'Rejected'; lịch sử có dòng 'Rejected' kèm lý do | E23: Đăng nhập với role Admin | F23: Untested
A24: =IF(OR(B24<>"",D24<>""),$B$2&"_"&TEXT(ROW()-8,"00"),"") -> TIME_SubmitProcess_16 | B24: Kiểm tra Reject khi không nhập comment | C24: Pre-condition: + Đăng nhập bằng tài khoản Admin (Admin / admin123) + 'Test Employee' có timesheet kỳ hiện tại trạng thái 'Submitted' (PRJ_Alpha / Development, Mon–Fri 08:00) Step: 1. Chọn menu Time > Timesheets > Employee Timesheets 2. Click [View] của 'Test Employee' 3. Để trống comment 4. Click [Reject] | D24: 4. Reject thành công (comment không bắt buộc) hoặc báo yêu cầu nhập lý do – theo đặc tả thực tế | E24: Đăng nhập với role Admin | F24: Untested | H24: Cần đối chiếu hành vi/thông báo thực tế trên OrangeHRM 5.x khi chạy test
A25: =IF(OR(B25<>"",D25<>""),$B$2&"_"&TEXT(ROW()-8,"00"),"") -> TIME_SubmitProcess_17 | B25: Kiểm tra timesheet biến mất khỏi Pending Action sau khi Approve | C25: Pre-condition: + Đăng nhập bằng tài khoản Admin (Admin / admin123) + Đã Approve timesheet kỳ hiện tại của 'Test Employee' Step: 1. Chọn menu Time > Timesheets > Employee Timesheets | D25: 1. Timesheet 'Test Employee' không còn trong danh sách Pending Action | E25: TIME_SubmitProcess_13 | F25: Untested
A26: =IF(OR(B26<>"",D26<>""),$B$2&"_"&TEXT(ROW()-8,"00"),"") -> TIME_SubmitProcess_18 | B26: Kiểm tra nhân viên thấy trạng thái 'Approved' và không sửa được | C26: Pre-condition: + Đăng nhập bằng tài khoản ESS 'ess_test' (liên kết nhân viên 'Test Employee') + Timesheet kỳ hiện tại đã được Approve Step: 1. Chọn menu Time > Timesheets > My Timesheets | D26: 1. Trạng thái 'Approved'; các nút [Edit]/[Submit] bị ẩn hoặc vô hiệu hóa | E26: TIME_SubmitProcess_13 | F26: Untested
A27: =IF(OR(B27<>"",D27<>""),$B$2&"_"&TEXT(ROW()-8,"00"),"") -> TIME_SubmitProcess_19 | B27: Kiểm tra nhân viên thấy trạng thái 'Rejected' và xem được lý do từ chối | C27: Pre-condition: + Đăng nhập bằng tài khoản ESS 'ess_test' (liên kết nhân viên 'Test Employee') + Timesheet kỳ hiện tại đã bị Reject kèm comment Step: 1. Chọn menu Time > Timesheets > My Timesheets 2. Xem lịch sử thao tác | D27: 2. Trạng thái 'Rejected'; hiển thị comment lý do từ chối | E27: TIME_SubmitProcess_15 | F27: Untested
A28: =IF(OR(B28<>"",D28<>""),$B$2&"_"&TEXT(ROW()-8,"00"),"") -> TIME_SubmitProcess_20 | B28: Kiểm tra nhân viên sửa timesheet bị Reject và gửi lại thành công | C28: Pre-condition: + Đăng nhập bằng tài khoản ESS 'ess_test' (liên kết nhân viên 'Test Employee') + Timesheet kỳ hiện tại đã bị Reject Step: 1. Chọn menu Time > Timesheets > My Timesheets 2. Click [Edit], sửa giờ Thứ Ba thành 07:00 3. Click nút [Save] 4. Click [Submit] | D28: 4. Lưu và Submit thành công; trạng thái trở lại 'Submitted'; lịch sử ghi nhận lần gửi lại | E28: TIME_SubmitProcess_15 | F28: Untested
A29: =IF(OR(B29<>"",D29<>""),$B$2&"_"&TEXT(ROW()-8,"00"),"") -> TIME_SubmitProcess_21 | B29: Kiểm tra luồng end-to-end: gửi lại sau Reject rồi Admin Approve | C29: Pre-condition: + Đăng nhập bằng tài khoản Admin (Admin / admin123) + Timesheet 'Test Employee' đã gửi lại sau khi bị Reject Step: 1. Chọn menu Time > Timesheets > Employee Timesheets 2. Click [View] timesheet 'Test Employee' (đã gửi lại) 3. Click [Approve] | D29: 3. Trạng thái 'Approved'; lịch sử thể hiện đủ chuỗi Submitted → Rejected → Submitted → Approved | E29: TIME_SubmitProcess_20 | F29: Untested
A30: =IF(OR(B30<>"",D30<>""),$B$2&"_"&TEXT(ROW()-8,"00"),"") -> TIME_SubmitProcess_22 | B30: Kiểm tra lịch sử thao tác ghi đúng người thực hiện, hành động, thời gian | C30: Pre-condition: + Đăng nhập bằng tài khoản Admin (Admin / admin123) + Timesheet đã trải qua Submit/Reject/Approve Step: 1. Chọn menu Time > Timesheets > Employee Timesheets 2. [View] timesheet 'Test Employee' và xem lịch sử thao tác | D30: 2. Mỗi dòng có đúng: hành động, người thực hiện (Admin / Test Employee), ngày giờ, comment | E30: TIME_SubmitProcess_21 | F30: Untested | H30: Cần đối chiếu hành vi/thông báo thực tế trên OrangeHRM 5.x khi chạy test
A31: =IF(OR(B31<>"",D31<>""),$B$2&"_"&TEXT(ROW()-8,"00"),"") -> TIME_SubmitProcess_23 | B31: Kiểm tra Reset timesheet đã Submitted/Approved trở về 'Not Submitted' | C31: Pre-condition: + Đăng nhập bằng tài khoản Admin (Admin / admin123) + 'Test Employee' có timesheet kỳ hiện tại trạng thái 'Submitted' (PRJ_Alpha / Development, Mon–Fri 08:00) Step: 1. Chọn menu Time > Timesheets > Employee Timesheets 2. [View] timesheet 'Test Employee' 3. Click [Reset] và xác nhận | D31: 3. Trạng thái trở về 'Not Submitted'; nhân viên sửa/gửi lại được | E31: Đăng nhập với role Admin | F31: Untested | H31: Cần đối chiếu hành vi/thông báo thực tế trên OrangeHRM 5.x khi chạy test
A32: =IF(OR(B32<>"",D32<>""),$B$2&"_"&TEXT(ROW()-8,"00"),"") -> TIME_SubmitProcess_24 | B32: Kiểm tra comment phê duyệt đúng 250 ký tự | C32: Pre-condition: + Đăng nhập bằng tài khoản Admin (Admin / admin123) + 'Test Employee' có timesheet kỳ hiện tại trạng thái 'Submitted' (PRJ_Alpha / Development, Mon–Fri 08:00) Step: 1. Chọn menu Time > Timesheets > Employee Timesheets 2. [View] timesheet 'Test Employee' 3. Nhập comment 250 ký tự 4. Click [Approve] | D32: 4. Approve thành công; comment lưu đầy đủ 250 ký tự | E32: Đăng nhập với role Admin | F32: Untested | H32: Cần đối chiếu hành vi/thông báo thực tế trên OrangeHRM 5.x khi chạy test
A33: =IF(OR(B33<>"",D33<>""),$B$2&"_"&TEXT(ROW()-8,"00"),"") -> TIME_SubmitProcess_25 | B33: Kiểm tra comment phê duyệt 251 ký tự (vượt biên) | C33: Pre-condition: + Đăng nhập bằng tài khoản Admin (Admin / admin123) + 'Test Employee' có timesheet kỳ hiện tại trạng thái 'Submitted' (PRJ_Alpha / Development, Mon–Fri 08:00) Step: 1. Chọn menu Time > Timesheets > Employee Timesheets 2. [View] timesheet 'Test Employee' 3. Nhập comment 251 ký tự 4. Click [Approve] | D33: 4. Hiển thị lỗi vượt quá độ dài tối đa; không Approve; trạng thái vẫn 'Submitted' | E33: Đăng nhập với role Admin | F33: Untested | H33: Cần đối chiếu hành vi/thông báo thực tế trên OrangeHRM 5.x khi chạy test
A34: =IF(OR(B34<>"",D34<>""),$B$2&"_"&TEXT(ROW()-8,"00"),"") -> TIME_SubmitProcess_26 | B34: Kiểm tra Pending Action khi không có timesheet nào chờ xử lý (0 bản ghi) | C34: Pre-condition: + Đăng nhập bằng tài khoản Admin (Admin / admin123) + Không có timesheet nào ở trạng thái 'Submitted' Step: 1. Chọn menu Time > Timesheets > Employee Timesheets | D34: 1. Hiển thị thông báo không có bản ghi ('No Records Found'); không lỗi hệ thống | E34: Đăng nhập với role Admin | F34: Untested
A35: =IF(OR(B35<>"",D35<>""),$B$2&"_"&TEXT(ROW()-8,"00"),"") -> TIME_SubmitProcess_27 | B35: Kiểm tra Pending Action khi có nhiều timesheet (> 50 bản ghi, kiểm tra phân trang) | C35: Pre-condition: + Đăng nhập bằng tài khoản Admin (Admin / admin123) + Có hơn 50 timesheet 'Submitted' của các nhân viên khác nhau Step: 1. Chọn menu Time > Timesheets > Employee Timesheets 2. Cuộn/chuyển trang danh sách Pending Action | D35: 2. Hiển thị đầy đủ các bản ghi, phân trang/cuộn hoạt động đúng; không mất dữ liệu | E35: Đăng nhập với role Admin | F35: Untested | H35: Cần đối chiếu hành vi/thông báo thực tế trên OrangeHRM 5.x khi chạy test
A36: =IF(OR(B36<>"",D36<>""),$B$2&"_"&TEXT(ROW()-8,"00"),"") -> TIME_SubmitProcess_28 | B36: Kiểm tra timesheet 'Not Submitted' không xuất hiện trong Pending Action | C36: Pre-condition: + Đăng nhập bằng tài khoản Admin (Admin / admin123) + 'Test Employee' có timesheet kỳ hiện tại trạng thái 'Not Submitted': PRJ_Alpha / Development, Thứ Hai–Thứ Sáu mỗi ngày 08:00 (tổng 40:00) Step: 1. Chọn menu Time > Timesheets > Employee Timesheets | D36: 1. Timesheet chưa gửi của 'Test Employee' không có trong Pending Action | E36: Đăng nhập với role Admin | F36: Untested
A37: =IF(OR(B37<>"",D37<>""),$B$2&"_"&TEXT(ROW()-8,"00"),"") -> TIME_SubmitProcess_29 | B37: Kiểm tra Approve timesheet đã được Approve ở tab khác (xung đột thao tác) | C37: Pre-condition: + Đăng nhập bằng tài khoản Admin (Admin / admin123) + 'Test Employee' có timesheet kỳ hiện tại trạng thái 'Submitted' (PRJ_Alpha / Development, Mon–Fri 08:00) Step: 1. Mở timesheet 'Test Employee' ở 2 tab 2. Ở tab 1 click [Approve] 3. Ở tab 2 (chưa tải lại) click [Approve] | D37: 3. Tab 2 không tạo thêm bản ghi Approve; hiển thị thông báo/lỗi phù hợp; trạng thái vẫn 'Approved' | E37: Đăng nhập với role Admin | F37: Untested | H37: Cần đối chiếu hành vi/thông báo thực tế trên OrangeHRM 5.x khi chạy test
A38: =IF(OR(B38<>"",D38<>""),$B$2&"_"&TEXT(ROW()-8,"00"),"") -> TIME_SubmitProcess_30 | B38: Kiểm tra hết phiên đăng nhập khi đang Approve | C38: Pre-condition: + Đăng nhập bằng tài khoản Admin (Admin / admin123) + 'Test Employee' có timesheet kỳ hiện tại trạng thái 'Submitted' (PRJ_Alpha / Development, Mon–Fri 08:00) Step: 1. Chọn menu Time > Timesheets > Employee Timesheets 2. [View] timesheet 'Test Employee' 3. Xóa cookie phiên/đăng xuất ở tab khác 4. Click [Approve] | D38: 4. Chuyển về trang Login; trạng thái timesheet vẫn 'Submitted' | E38: Đăng nhập với role Admin | F38: Untested
A39: =IF(OR(B39<>"",D39<>""),$B$2&"_"&TEXT(ROW()-8,"00"),"") -> TIME_SubmitProcess_31 | B39: Kiểm tra ESS không có nút Approve/Reject trên timesheet của chính mình | C39: Pre-condition: + Đăng nhập bằng tài khoản ESS 'ess_test' (liên kết nhân viên 'Test Employee') + 'Test Employee' có timesheet kỳ hiện tại trạng thái 'Submitted' (PRJ_Alpha / Development, Mon–Fri 08:00) Step: 1. Chọn menu Time > Timesheets > My Timesheets | D39: 1. Không hiển thị nút [Approve], [Reject] cho nhân viên thường | E39: Đăng nhập với role ESS | F39: Untested
A40: =IF(OR(B40<>"",D40<>""),$B$2&"_"&TEXT(ROW()-8,"00"),"") -> TIME_SubmitProcess_32 | B40: Kiểm tra ESS không truy cập được trang duyệt timesheet của người khác | C40: Pre-condition: + Đăng nhập bằng tài khoản ESS 'ess_test' (liên kết nhân viên 'Test Employee') (không có cấp dưới) + 'Test Employee' có timesheet kỳ hiện tại trạng thái 'Submitted' (PRJ_Alpha / Development, Mon–Fri 08:00) Step: 1. Truy cập trực tiếp URL xem timesheet của nhân viên khác (đổi ID nhân viên) | D40: 1. Hệ thống từ chối/chuyển hướng; không hiển thị dữ liệu | E40: Đăng nhập với role ESS | F40: Untested | H40: Cần đối chiếu hành vi/thông báo thực tế trên OrangeHRM 5.x khi chạy test
A41: =IF(OR(B41<>"",D41<>""),$B$2&"_"&TEXT(ROW()-8,"00"),"") -> TIME_SubmitProcess_33 | B41: Kiểm tra Supervisor duyệt được timesheet của cấp dưới trực tiếp | C41: Pre-condition: + Đăng nhập tài khoản 'sup_test' (nhân viên 'Test Supervisor', là Supervisor trực tiếp của 'Test Employee') + 'Test Employee' có timesheet kỳ hiện tại trạng thái 'Submitted' (PRJ_Alpha / Development, Mon–Fri 08:00) Step: 1. Chọn menu Time > Timesheets > Employee Timesheets 2. [View] timesheet của 'Test Employee' (cấp dưới) 3. Click [Approve] | D41: 3. Approve thành công; trạng thái 'Approved' | E41: Đăng nhập với role Supervisor | F41: Untested
A42: =IF(OR(B42<>"",D42<>""),$B$2&"_"&TEXT(ROW()-8,"00"),"") -> TIME_SubmitProcess_34 | B42: Kiểm tra Supervisor không xem/duyệt được timesheet của nhân viên không phải cấp dưới | C42: Pre-condition: + Đăng nhập 'sup_test' (Supervisor của 'Test Employee' nhưng không phải của 'Test Employee2') + 'Test Employee2' có timesheet 'Submitted' Step: 1. Chọn menu Time > Timesheets > Employee Timesheets 2. Gõ tên 'Test Employee2' (không phải cấp dưới) vào Employee Name | D42: 2. Nhân viên không nằm trong gợi ý hoặc không xem được timesheet; không có quyền Approve/Reject | E42: Đăng nhập với role Supervisor | F42: Untested | H42: Cần đối chiếu hành vi/thông báo thực tế trên OrangeHRM 5.x khi chạy test
A43: =IF(OR(B43<>"",D43<>""),$B$2&"_"&TEXT(ROW()-8,"00"),"") -> TIME_SubmitProcess_35 | B43: Kiểm tra XSS trong comment khi Approve/Reject: <script>alert('x')</script> | C43: Pre-condition: + Đăng nhập bằng tài khoản Admin (Admin / admin123) + 'Test Employee' có timesheet kỳ hiện tại trạng thái 'Submitted' (PRJ_Alpha / Development, Mon–Fri 08:00) Step: 1. Chọn menu Time > Timesheets > Employee Timesheets 2. [View] timesheet 'Test Employee' 3. Nhập comment <script>alert('x')</script> 4. Click [Reject] 5. Mở lại lịch sử thao tác | D43: 5. Script không được thực thi; comment hiển thị dạng văn bản hoặc bị lọc | E43: Đăng nhập với role Admin | F43: Untested
A44: =IF(OR(B44<>"",D44<>""),$B$2&"_"&TEXT(ROW()-8,"00"),"") -> TIME_SubmitProcess_36 | B44: Kiểm tra SQL Injection trong comment: '; DROP TABLE ohrm_timesheet; -- | C44: Pre-condition: + Đăng nhập bằng tài khoản Admin (Admin / admin123) + 'Test Employee' có timesheet kỳ hiện tại trạng thái 'Submitted' (PRJ_Alpha / Development, Mon–Fri 08:00) Step: 1. Chọn menu Time > Timesheets > Employee Timesheets 2. [View] timesheet 'Test Employee' 3. Nhập comment "'; DROP TABLE ohrm_timesheet; --" 4. Click [Reject] | D44: 4. Comment được lưu như văn bản thuần; hệ thống không lỗi; dữ liệu timesheet không bị ảnh hưởng | E44: Đăng nhập với role Admin | F44: Untested

Sheet Test Report
B1: TEST REPORT
B3: Project Name | C3: =Cover!C4 -> OrangeHRM - Time (Timesheets) | E3: Creator | G3: Nguyễn Thị Hồng Châu
B4: Project Code | C4: =Cover!C5 -> OHRM-TIME | E4: Reviewer/Approver | G4: Ngô Thanh Vy
B5: Document Code | C5: =C4&"_"&"Test Report"&"_"&"v0.1" -> OHRM-TIME_Test Report_v0.1 | E5: Issue Date | G5: =Cover!G6 -> 46322
B6: Notes | C6: Báo cáo kết quả test module Time – 3 chức năng của TV3: F07 Tạo timesheet, F08 Tra cứu timesheet, F09 Gửi và xử lý timesheet
B10: No | C10: Module code | D10: Pass | E10: Fail | F10: Untested | G10: Blocked | H10: Skipped | I10: Number of test cases
B11: 1 | C11: =F07_TaoTimesheet!B2 -> TIME_CreateTimesheet | D11: =F07_TaoTimesheet!A6 -> 0 | E11: =F07_TaoTimesheet!B6 -> 0 | F11: =F07_TaoTimesheet!C6 -> 42 | G11: =F07_TaoTimesheet!D6 -> 0 | H11: =F07_TaoTimesheet!E6 -> 0 | I11: =F07_TaoTimesheet!F6 -> 42
B12: 2 | C12: =F08_TraCuuTimesheet!B2 -> TIME_SearchTimesheet | D12: =F08_TraCuuTimesheet!A6 -> 0 | E12: =F08_TraCuuTimesheet!B6 -> 0 | F12: =F08_TraCuuTimesheet!C6 -> 29 | G12: =F08_TraCuuTimesheet!D6 -> 0 | H12: =F08_TraCuuTimesheet!E6 -> 0 | I12: =F08_TraCuuTimesheet!F6 -> 29
B13: 3 | C13: =F09_GuiVaXuLy!B2 -> TIME_SubmitProcess | D13: =F09_GuiVaXuLy!A6 -> 0 | E13: =F09_GuiVaXuLy!B6 -> 0 | F13: =F09_GuiVaXuLy!C6 -> 36 | G13: =F09_GuiVaXuLy!D6 -> 0 | H13: =F09_GuiVaXuLy!E6 -> 0 | I13: =F09_GuiVaXuLy!F6 -> 36
C15: Sub total | D15: =SUM(D9:D14) -> 0 | E15: =SUM(E9:E14) -> 0 | F15: =SUM(F9:F14) -> 107 | G15: =SUM(G9:G14) -> 0 | H15: =SUM(H9:H14) -> 0 | I15: =SUM(I9:I14) -> 107
C17: Test coverage | E17: =IFERROR((D15+E15)*100/(I15-H15-G15),0) -> 0 | F17: %
C18: Test successful coverage | E18: =IFERROR(D15*100/(D15+E15),0) -> 0 | F18: %
C20: Ghi chú: các công thức coverage trả về 0 khi chưa có test case nào được chạy (tránh lỗi chia cho 0).
